lm.rmse,iptw.rmse,rf.rmse,bart.unadj,bart.adj
3.5173945726038998,3.680282341441501,2.594598844932273,0.5408750335258503,0.05587877007824105
2.1102345162653897,2.078460373298679,1.8754422811006464,1.3398204931728444,0.023585916305700394
3.8333443046453564,3.7115282181342977,2.9558722397678743,0.9857011444629329,0.18102979366859273
3.2663507806725818,3.2687935298727613,1.4735179170811996,0.3400052008053329,0.20170940351328603
4.575532197881273,4.651173094014844,2.738852586455076,1.7708504872903958,0.03641359079741413
3.156965989132761,3.133941728204052,1.598010552976291,1.3118762765452345,0.01743331241958046
3.053789926154801,3.0541780241999223,1.7059272523837183,0.9400630140197972,0.018992374840941295
4.231968300707592,4.337570444280837,2.6139952736277507,2.67733965397089,0.036116069726533695
3.0985040925725666,3.0807091790786814,1.4546398489260692,0.4390291687985801,0.07597128924530239
3.017877877028603,3.2119639701195535,2.0439252940883,0.8766137704105823,0.03319794362598394
1.9417128281310205,1.9695706833961815,1.4957182569818386,0.4541662223742904,0.10945969506891906
1.9221309883869608,1.9895894130724265,1.3526066062833806,0.27234786772146613,0.12044420023140034
4.163817120755322,4.206193171752641,2.7825034002829803,2.375896501341227,0.09459282099120081
1.3510720420102658,1.3522038055916354,0.7414618083576769,0.5991756017831271,0.09416249940387544
3.346439550266984,3.3008796228487487,2.2638016812911896,1.0704069739847064,0.08567073814090875
3.4615041175800396,3.4110030921509367,1.709638160243685,0.9748803082781059,0.10431909477695456
1.7918594838177988,1.8683438157534855,1.5028482985052989,0.6895432721147969,0.0884980940959057
3.596763800874955,3.5408122565403133,2.209638538685679,1.2974021453857567,0.03321136523931045
3.9114195739813535,3.862096301003625,1.3721243631197417,0.9116386932655764,0.11938310009773545
3.8130143988025083,3.7310770385793504,0.9854119316403498,0.9081996095874629,0.05842331463004946
3.327416415103709,3.333715217316435,1.6207121718601307,1.2193389194334863,0.16992968900255967
3.6259872836898044,3.718377382265361,2.518890156984771,0.8770086944134476,0.06576429606455747
4.159523212401959,4.159364360289327,2.2917272189651783,0.46373353542303164,0.0474276418248305
4.216870653367824,4.242655348352299,2.0915089396112734,0.8393250072053497,0.08340877594847917
1.93559231130698,1.9342360079403296,1.375407113776113,0.07386521843845628,0.16945083292861618
4.454411294689313,4.425589789762357,2.3213119425103166,0.5023167604112508,0.014931519827024786
2.6748733111441503,2.681642340355797,1.9085445239382821,0.6025106711101458,0.2596330647087637
1.7676995015777166,1.7998137142521706,1.0529245152530962,0.48578432245832914,0.013489648728006287
3.2169880994548397,3.1921591068900472,2.480430165128272,0.5564576586654368,0.11625874875383779
2.0062470608355785,2.015661653458002,0.8953072406201343,0.3864518997356612,0.043771005336365576
2.605325278520956,2.631231010797636,1.4957669353561247,0.5963423739503391,0.04135037713844447
3.1121582230071727,3.0336499718727445,1.3391079000819985,0.3663501705855161,0.15275481547543635
2.7135682438099984,2.766686118448183,1.7748453323552837,0.40302946601268985,0.07136127753469879
3.412101935710231,3.3940256258484194,1.9653992590457356,0.8931947755093184,0.0028050512632429303
3.9667334564401386,4.0663352788216365,2.0747993044665876,0.947306609790548,0.039492504524679006
2.549640117314496,2.504246043215023,1.945225722006656,0.8976788082027589,0.08501423619214776
3.7473209032677346,3.8967338929429722,2.7560729514838034,0.3505232678766319,0.1379180923382215
1.6988732775952808,1.7568195696175781,1.1344453740140423,0.37322232906453934,0.13773655460939693
3.6929502734208945,3.8939404927591283,2.2853442855218837,2.650225373026551,0.141756831001274
4.063923081398137,4.119210447722384,2.6386608785065757,0.9918457253795232,0.08519374273345903
4.392864513477155,4.199488559744982,2.644088291707817,1.5542029277663794,0.151659466934003
2.1404982952918044,2.062660748303628,0.9984679589628165,0.1594424124764373,0.14012381448272926
1.5730982373941451,1.524093213628829,0.9599069385559744,0.4326397919837994,0.14327823619292346
0.9689284664967222,0.9851265417793194,0.6811455135014555,1.0231086415244572,0.11527948546401845
1.3964220792961104,1.329032329515348,0.590924718905935,0.3772640164638297,0.029412840232213355
2.0068428565984284,2.060662906288167,1.1619571671439068,0.9361173928251514,0.059308017223401066
1.5063285009890954,1.5412729882157024,1.076029601530184,0.4863445102392312,0.13101381842052362
3.670584331156112,3.6666841828959935,2.568602534627111,0.9105136814072274,0.13808110216863234
4.805566634582117,4.8722569203052455,2.6540505650219863,1.1180378521248215,0.1629215320742876
2.318191367976288,2.4464166083170333,1.2443358440356,0.3241496337869023,0.13493482782159383
1.3641688442025313,1.3545341273992548,0.7813868278148597,0.4701420213952936,0.1270145874173494
3.6646854864796286,3.748381511651033,1.7875619650568098,2.0128349030043715,0.03404972563433617
1.822631497024009,1.8519831143800332,1.0660073251889095,0.19706489494202728,0.12175661548736905
2.175633516309995,2.3473702234907297,1.7543148240244228,0.6765299423754882,0.06518908549012359
2.887439047208124,2.8397738913775417,1.1043933207032666,0.6743805988621361,0.10103180557375246
2.4020774874804953,2.458038487151441,1.644425545309872,0.7546068587235251,0.05487471348789974
3.3270035705036314,3.412629480682863,1.0441655151893414,1.1980292409268003,0.04328086670467712
3.2549817427901377,3.4766490495287865,2.061064074763774,0.6180349852795395,0.1816922670245571
2.9902386385966526,3.019464624876065,2.2490501185577063,0.4439790995540349,0.03443296102421556
2.452940339187643,2.460263711903883,1.2175039895494297,0.2706677495996459,0.06616589718380972
3.801425498250989,3.8622075559337414,3.00449742105501,0.5533041561993564,0.07318984598601119
2.660448437808041,2.7569955255919734,2.2805253948070643,0.5637633858148554,0.16109545881235476
3.404855278163536,3.357177025007319,1.8606515901869702,0.6100115350769322,0.011289821797957345
2.8409601545403707,2.8179631445732056,0.7371804966739433,0.9327212236533526,0.11614953734461331
4.762389646286895,4.716141829944064,2.5215452346575944,0.7767580914587136,0.09176352068341309
2.86725725048586,2.88018037081995,1.595267549544424,0.7535421216239371,0.10409234767468867
1.0863964117518137,1.1717159294896433,0.5964377974465123,0.6871203020687755,0.026463097586571394
3.9717565010586053,4.171848280569828,2.3057284576304724,1.5750254873674567,0.21050176645721308
2.774556312423236,2.7923818925425383,1.8382843275199736,0.7859993579996303,0.010970307313634464
3.9866679838885,3.919267619536466,2.1349908760376834,1.4894375413955707,0.030771842869672383
2.465982744480133,2.401432566112268,1.5729002145794038,0.5702721136056574,0.11383584928997337
2.404955229037064,2.4552110139020673,1.666051602158955,0.41756302809488766,0.014460732422222122
3.754028974142148,3.641570768545817,1.58324738755673,0.8267573521876308,0.03273658044497729
3.8590040012446405,4.057499703142444,2.3183819861497774,0.7267611714557116,0.036743043533247643
1.632899126943915,1.6392117472667422,1.1546436778940894,0.695285212674321,0.1315178486635542
2.2599042049258955,2.3492189105090624,1.1282639687494882,0.4406121159509553,0.26400196075065274
2.801514933153376,2.8464761574435116,1.9504057415855165,1.3594791242538644,0.22675280490740413
3.531160278873978,3.5422243279103007,2.3242076092275124,0.9738001731797823,0.05984787002153702
3.299366701279137,3.3972876939300356,1.9452755228575995,0.7037655184661027,0.12539166621184883
3.9367062983777696,3.985309467025054,1.918795280068478,0.9537682939643375,0.004694298890436599
2.6185298384247364,2.5703802658550448,1.506789059136981,1.069408255760596,0.12749578234235415
3.6867780067562315,3.799123429591173,2.0037037281144237,0.2697157575282709,0.013190760209891295
4.317557403818229,4.409545979081216,1.8691666248860948,1.8402198470146462,0.03984132597735979
1.955655657040051,1.9496283277282735,0.4238457532006805,0.3634220381702562,0.03182244947253565
3.197591940430522,3.191376438502994,2.4200862748464065,1.0109628895613554,0.13069060105839903
2.1468426272897965,2.239680904435847,1.9032208179800953,0.7287146814551129,0.14959181210870476
5.262880604477395,5.187570568656616,2.407312159718515,1.2408329293298586,0.15808088107017326
2.152841757596857,2.1747587955643297,1.4970866700403977,0.6419037136293433,0.22235052310134407
2.8355351102818034,2.8704084947419055,2.0615332819906396,1.2905120603413067,0.05856060332515867
2.1446372238898768,2.1390172503083402,1.127925927123643,0.39864007681342706,0.05023597299640059
2.8612886281948935,2.825356504401709,1.552519807380449,1.0853825903709087,0.16163024648239244
2.12344419333259,2.099851988010924,1.449723203022545,0.6625723515820177,0.15938407497881535
3.3234066292274953,3.4200935043759824,2.0852900128377456,1.0796956027314142,0.1616866722931558
3.4335958276650764,3.5925783388687424,2.4684396738554693,1.9216051608776024,0.1479615138855106
3.6770284814570875,3.630379307255801,2.556459777149067,0.4628922493028256,0.18288863488943718
2.143146573769293,2.0918111178557908,0.9366656360750305,0.2850811067089829,0.033813648363201665
2.8197528337180593,2.8456593706863202,1.4971760165746524,1.203176395086965,0.03633643049651347
5.0635266592620205,5.207937543656234,2.725930079279035,0.5388248089723007,0.05686337816764819
4.7150273817484365,4.902855864758472,2.419174258379183,0.7455404837870638,0.054376795178765036
4.003926671228198,3.9916586425667955,3.1995432837870634,0.49974219684764876,0.012241135504691414
1.8095030852749616,1.8018872725396573,0.7901308096322666,0.5538594887157018,0.01777052712154159
3.0111990543922893,3.0518634940647402,1.562103624552396,0.9342199115858598,0.07167228101524437
3.156027391111051,3.1689830000077297,2.1596188414430717,0.7643746582275384,0.007374397475933492
4.227179300932702,4.305689609530408,2.0760455958033255,0.40079294473196114,0.15344121933878618
2.6730493560147277,2.6943552025521917,1.4110374633507448,0.4486075360581907,0.22684727355782286
3.132964721361793,3.0760496523153087,2.0241466256593768,1.1923778273408416,0.05363751372530423
2.8950884261455165,2.85486093577439,1.741181188805264,0.6506078975811107,0.06156698241399816
3.9104993832186477,4.050286451483746,2.661824280189105,1.0165971935795888,0.1079976541987886
3.150052176854235,3.231295814249769,1.421908367459686,0.8160219566820999,0.25269052676594583
3.4287598327959135,3.690768804908517,1.3488603936955315,2.107418885002197,0.0403209420579671
3.881841743990794,3.9717612282067716,2.1550543634273858,0.6761655270235352,0.03153918853390891
2.024213936407282,2.0387500894188033,1.379519363870779,0.41243853661616825,0.17399422712435353
3.336726786639586,3.3486195931686176,1.6353045622550333,1.0214390324625136,0.2546757147757006
3.313739554762593,3.266141864478058,2.9113837955778834,0.6879061884726951,0.14860647749437916
3.4107836701235,3.4681339095271984,1.749852907373695,0.4040383291312004,0.024814599681583616
3.2505923227763276,3.2760660513506803,1.73240249794749,1.1626474465817935,0.0963738608232525
3.3215562289984746,3.3561607988563456,1.971317740923805,0.9256337206122449,0.06691175578652597
3.2270326595376577,3.2998719155791516,2.547873790154334,1.2775956110773308,0.07783610344834813
2.668925279111706,2.637079102405142,1.2144286891760245,0.4809562417145976,2.7414997099128868e-5
2.929215634776684,2.936500007240628,1.4539521995307059,0.07373895258673357,0.08065348379805926
2.1796392293601627,2.1788715151916325,1.6488198915689996,0.7266458559622286,0.13962309300016607
2.681278479846492,2.6906557386998777,1.3197354158309142,0.45414529554089,0.18767685521103417
3.526624721256578,3.4321559640965464,2.24587117191483,1.1659089870236379,0.014339309444396875
3.0863057580445012,3.1496339859855134,1.0351734245863877,0.40107439024369285,0.02220061948711205
2.4116134727940945,2.4426488803311788,1.2830202299062563,0.9091634608021693,0.11524877002051781
3.354814171240138,3.573046004549404,1.8368047141476804,0.6996663854640417,0.048164746885710485
2.71476903553188,2.7066847440063135,1.3281573889658524,0.5035822057118224,0.2813719027931043
2.8851353347052946,2.899527537117308,0.5912734406049971,1.3362041190482739,0.08862819345448969
2.0963081896405473,2.0193430021657512,0.718494872105726,0.9529365093292093,0.0015555861682177152
2.771460950407194,2.7725005256811457,1.832468605683923,1.3150775254026428,0.05529152593552311
2.4252572354848514,2.4034738191479175,1.1962827626103731,0.6951489667900326,0.09404090766034479
2.3607188426670387,2.460790793029661,1.1879075190247121,0.5941221646851496,0.25496441899114153
2.4788649030722265,2.4154891725017613,1.2330904133735459,0.3424016130355447,0.042212519821990924
4.146518971970103,4.147104184627297,3.205267969060717,0.32471778191141,0.026985549205775783
4.1434501425969295,4.148538784874589,2.749347818623132,0.9024180160075161,0.24561513710286675
2.6832973160053974,2.7081532678818476,2.4237795175920045,0.5379027723454151,0.19992921834916544
2.131663623557257,2.12686113489643,1.13032738853369,0.5650719427862434,0.1273553260260094
2.328944948333479,2.350606834334517,2.032119065244025,0.451873482982613,0.020798955281303932
4.182538019174485,4.280692515471282,1.195053392547262,0.6194158234610754,0.1041470057950864
3.154683397494889,3.2086988428889374,1.69983663159908,0.9354276164424142,0.05125350364099113
4.907394906933968,4.852468311684516,2.469119622526147,0.6713422191286789,0.10991074833714265
4.48938374028087,4.3705638356436705,2.118609712820499,0.9388175221087387,0.1481732778864675
3.406186283243496,3.4591721928011143,2.3262128383407994,0.48389902470766444,0.07199896665602346
3.41967463991425,3.492279691173149,1.6654736401423786,0.382846037688676,0.040060366690832794
3.531472143910616,3.4686207076839413,1.9265717064620986,0.5918162299430563,0.20975840784963218
3.2201880930440243,3.2542484452422666,2.1609507281336526,1.309946010360683,0.08593317137014012
1.305749013026599,1.2914542672231644,0.7056449336814872,0.5128752452852758,0.18370206211465856
3.9825829153708323,4.049229576622464,2.4481537824513016,1.7487906574008854,0.07176299187518609
2.0960513466724144,2.041889324207979,1.9774974030165655,1.5567668139827298,9.854696876967495e-4
3.5876061883796186,3.6517862242133745,2.207056357348227,0.6844404576020153,0.16028979967006585
3.2431014451581976,3.3081121748011473,1.5501223901510919,0.6698714164377222,0.17543555712504855
3.8776017893161203,4.080132690094665,3.0035870493142305,1.1792838170051425,0.3099144374332461
4.570147574645043,4.544805607062845,3.132864664756722,2.8763762351324615,0.12149889576561179
2.192032948270059,2.1418387597964976,1.411663080600995,0.9176692867598675,0.10645680085478126
4.2116886824036985,4.370394032464416,2.5615962872100173,0.9258906957977651,0.19945978363751848
3.271837183410316,3.370233435953862,1.7253369955829285,0.6993656312382441,0.06797979484553807
3.766475231671677,3.842332870870006,2.561097285964191,0.32269674186737873,0.15559218034163536
4.0629352594506045,4.0845923490001255,2.9332009528528786,0.3756795347395432,0.05229910113427927
2.5015020884877934,2.5654343659158574,1.7926359972326331,0.355937276477988,0.06734085255762423
3.9660182931844954,3.829013285964754,1.9038172196253402,0.9692205075091884,0.03739383097586746
2.7740203702414767,2.753304662478328,1.7351784815036169,0.5166955255133256,0.0864614660308316
1.4441868729673217,1.4797450892128268,0.6778172954341812,0.4062939583208376,0.0868981741938093
2.5346935294280932,2.542346812845638,1.8402568708447316,1.2520333703379745,0.06248903922889326
2.013363313064259,2.0909844119374466,1.434312963503677,1.0815953902127244,0.17152961855660465
3.123798302253091,3.1525450069892607,2.140901560467565,1.7515169382449045,0.053957129535232795
4.177558257460033,4.146629507751015,1.5071848800439476,0.5057788535659355,0.076337965174881
2.7842208737561993,2.825485577358471,1.9735718882857824,1.3589831125935596,0.024026250948237404
2.6741579540431797,2.6334652932758402,1.4798503911361394,0.12370326882363258,0.014409231538991207
6.206273207121766,6.398363429809772,3.5143104943982113,2.693078799690749,0.032084170636702325
5.3004935978249375,5.453444127495706,2.4960660393804144,1.1474504032462214,0.017472723665282075
3.471190018354852,3.4610758664932924,1.8577982745122625,0.4597900845842027,0.13322768130406715
3.368974787845202,3.317612224251082,2.18658800101689,1.0402092267935181,0.04830865933540984
5.099188719946499,5.4947535513805015,2.8299594898342235,0.7977580633992716,0.030211751928229447
4.438299498437244,4.568741427929144,2.6932755052040847,1.1253727796064439,0.176897144518545
2.5977385167667038,2.60488237172234,1.6136545499769337,0.14966030815141806,0.17160989082335654
5.290965513531898,5.299497971882463,3.6526497908612487,2.431008244556754,0.10730153204024262
3.585746413908442,3.768914588223291,2.132752838314568,0.6939260519529675,0.11228865677659527
3.7639274226842776,3.7413597132896292,1.8128228192639533,0.6628015853917155,0.018083220129957667
2.25004376712889,2.249110911964557,1.4783279777962548,0.523074402878084,0.02377524735658021
4.414362790894341,4.546941123292374,2.6203386354963243,0.8798229382689158,0.058653027127672175
5.393829309972729,5.492962406908397,2.934867138993983,1.5536990199427834,0.03599454163570037
2.774677561892574,2.9617205395201527,1.2900059822739127,0.5702732189594641,0.04059081600615322
2.7997277668383553,2.7710562083197203,1.3473118117346736,0.8354736182361293,0.06365112542130369
5.41812315403917,5.65015153289419,3.2232916143512043,1.4545505968724832,0.1983060748761396
3.039131557562154,2.925245919286338,1.7687037795234346,0.6928580460242806,0.024724147730845303
2.0967023281152937,2.0614800246384473,1.3208530678802006,0.8202270532701945,0.007003415545074887
3.0939281151776434,3.1888804157347437,2.207607267286207,1.7471537272135471,0.002981894458722323
3.2198444648896682,3.2460053783687695,1.5346809550836582,0.5828350348353908,0.10668138242771974
2.9330145763205575,2.8814807984665656,2.014382616379656,0.6075107237609423,0.010606775691746506
3.2034341914397224,3.221017556527215,2.172682772357918,1.1297915394477904,0.2917835997070739
7.019435623141128,7.505491335932776,3.886973993815614,3.194887146603639,0.1265544924419597
3.428943634366421,3.5543530796351455,1.6941898896845906,1.038946106255814,0.05475670514084463
3.0647854833250747,3.0902259971849464,1.8828152550569577,0.7511134587925241,0.027668323675685613
4.988828146662078,4.925663880623954,2.4044768649157415,1.06263616023762,0.11797813574412785
3.9758886898001347,3.973999865655978,1.1644861297823823,0.7380160502479285,0.05023253540121608
2.439763149055473,2.4618805944343,1.7574961553459048,0.5202049249368912,0.11856445166181118
2.960566256531026,3.0165233504318536,1.0777579013936247,0.44150036972834883,0.054892919970994214
2.017528621952131,2.054121050406893,1.3960968059660477,0.6278090376318275,0.12364903372053604
3.0082478336533605,3.128998858625355,2.1169438248816608,1.1851528865872059,0.07883758687100162
2.7428542980836497,2.693583344640608,1.2918106435854853,0.2648695235019396,0.13400393416969436
1.654653974543713,1.6562258352923003,0.8362143582623673,0.3628092677776529,0.24377904339851675
2.9649345770480338,2.944614139653611,2.0846986536658196,0.656860420511201,0.04566085255472174
4.612979935529118,4.690684941865129,2.941875318979701,1.6123756967762208,0.10296265896811718
3.09135328227252,3.157646338746357,2.0244533513347953,0.6704275038878507,0.20374190162176475
2.7866755626101565,2.7407335703154043,1.9587204914153276,0.5974378470276882,0.1456167791256977
2.314545052671365,2.294784438678107,1.3916327605499283,0.3535754002330087,0.0716529076261807
2.75222355258858,2.855730087217914,1.3748833063557342,0.3908258802412625,0.04330245629780727
2.5625557006502717,2.5591323088292643,1.5889807385009043,0.6942775655670061,0.11200769913786957
3.1642852967194592,3.3105283885213854,1.986825054166525,0.5320926391494503,0.08671722918487212
1.8228905705541756,1.8987931319510025,1.4551791005361174,1.2204904597236101,0.10915008171384777
3.335486776767235,3.2427762621258616,1.4694468375036447,0.41638701534357736,0.011241784222935536
2.5372894658794483,2.5967459550011984,2.2074017137534927,0.9314974384740591,0.19166146304829645
2.229766601655088,2.1804350124663134,1.5201262070505113,0.9449468571262507,0.08322404341041967
3.1767404319631662,3.0800700685294906,2.3988001501581184,1.2361583346241183,0.17251365603398483
2.513700834576941,2.3948353476388036,1.4236469782235979,0.48361853403518396,0.009878697378800538
4.212177169562608,4.3933070611501,2.1890341130580566,0.44704086780878427,0.12886280965169128
3.6571519771682954,3.6939914491199985,1.94004683647122,1.3320880635024004,0.1704270758045574
3.161436301883656,3.1092889634085914,1.7344068499601288,0.31881243355634936,0.020716760795568945
4.152755179455287,4.233609454456035,2.7389154953259016,1.0571009450366127,0.08006178276200338
3.226767973899344,3.2598581907827775,2.053468210618579,0.478906780792439,0.04111836602011287
4.543051213859901,4.591266551102413,2.602172454630555,0.9577592284244361,0.02905184348952261
2.8246385303243517,2.883899709009839,2.550541069278191,1.123895396784567,0.016785155411586317
2.2146887155901585,2.2037584064471876,0.8015457429632171,0.6369063713362237,0.03627811805938563
4.694313736482933,4.844635824526362,2.731870844809116,1.2040506473693533,0.040275329108588664
2.1866085925106784,2.2142562139268858,1.6606247089997197,0.8801297756552131,0.0673374736173411
2.0651642969748156,2.053052732872933,1.2040662979954995,1.3074237614651913,0.007071508181496711
2.922432514189886,2.9034073384667742,1.7706733345121695,1.5081694140114976,0.09030700656874302
3.5034756882522675,3.5555501015344735,2.2348169638619417,1.2109133829681014,0.0880306434953777
5.427999828607234,5.5934109311979245,3.1791904298724916,0.8613349502048102,0.06693926776680748
5.256702777589018,5.342087585853978,3.5114766011990017,1.317394165783707,0.27079841480347966
4.409025107102398,4.304932590815197,2.820122051514037,0.5560487340471489,0.053693178614800274
4.465175371347291,4.509660993372696,2.7321397096322713,0.8218988983635853,0.18933043531639093
2.322843251066258,2.3130107640601842,1.090602199753576,0.7554196460515641,0.10496084755347468
4.101663505476418,4.244410776473211,2.5540111461703106,0.6390385017083027,0.23766640678488749
2.4933547218625023,2.6588927095844994,1.1742167652549877,1.0762280989833286,0.04001752281508253
3.4746449475508943,3.6069567833897924,1.5955345226754432,0.39635772753586807,0.0636324394549046
3.2474460740053566,3.3465993964629686,2.425393242833781,1.3056741948401012,0.0840669104976346
1.8723131496426078,1.814203533800498,1.2898915518477168,0.20908245736379527,0.07484669359240037
3.6830264764837217,3.8186007487485494,2.0588442182158335,1.055909908922418,0.030666986893280068
1.6776786202041745,1.6824360246560648,1.3451528255522742,0.2867430435330576,0.10644030726154519
1.3198727086969164,1.341011291571272,1.0324745696698319,1.869703207613611,0.00789602636321085
3.3058499712841947,3.3998715470066863,2.428521241954808,0.8129552970996947,0.09429222498134493
2.3354102410794457,2.4101203058065277,0.9131926859778687,0.5309684342537011,0.14513614885966497
3.151774643953706,3.248131120704283,1.8202207406245492,0.8313776139891615,0.16233760897605798
3.491798814668325,3.4758904871653495,2.2569053633649254,1.0121689788061587,0.09316217189582154
3.901240157996579,3.913524189868628,1.9761637130248584,1.421737694833837,0.07318707134715652
2.7421114818698538,2.8334341760499697,1.492457365211619,0.5131380746389098,0.1217534033218648
3.2176671540121937,3.220934046007338,1.9350874566252116,0.5061862986284211,0.06090112755634358
4.257131636322521,4.392104289952366,2.149350360103165,0.481534320585407,0.058937474056099504
3.745044171468841,4.040737451554046,2.8443612462255707,1.4322808780858942,0.028184755321964516
2.2729447524905044,2.3255289082291384,1.6953006017831171,1.326360725461413,0.13939738047504058
4.547576857698763,4.616432802423274,2.6234993514347202,0.4738069524994337,0.319880923523046
1.695585495415708,1.6538410468190357,0.5411126877965877,0.3566034256428061,0.3485898532414051
1.5985038764764496,1.601684401785148,1.1054939137072672,0.36106647640729506,0.04907068117936397
2.636081301689453,2.7211483270538466,1.6090239318353543,0.363420206236885,0.07077971331514732
3.024165373196052,3.074508322682247,2.5861172924980895,0.5431533867837572,0.20994554803717236
1.732092210252743,1.6937505829743813,0.5722062043739538,0.021352153865496604,0.20118393954625802
2.81269407330789,2.831138392771839,1.8296833324270771,0.6834795998045031,0.07274079529382682
3.3102715410138543,3.3565090415330356,2.266726576705091,0.49712398599210417,0.05826174006845797
2.6143356147330152,2.6177432274932144,2.1047027202304136,1.3075422261452339,0.12097848075176998
2.0590204498360585,2.0390422488503646,1.1659273219983852,0.737749348279884,0.06227519853494812
2.2465365914133475,2.266338399693037,1.4217542582552163,0.38611571075599826,0.13643588559224362
2.3480005047803516,2.4395934151910232,1.7857406701608074,0.6047204501361723,0.12904632443471442
4.030137716610504,4.014356668049354,2.59973470877949,1.6804278205492302,0.1355191996207683
3.534606802378855,3.8136393439509213,1.3348566578939494,0.5291166486722219,3.7356962561396756e-4
4.494050500684866,4.539017929118815,1.9531319612142344,0.2890092561499209,0.06798760408152837
4.164306908394742,4.49826141158907,2.6775585138914604,0.8605624822681115,0.03685578992565297
3.6307516241919107,3.7042426588757635,2.405797198661066,1.4354308464803793,0.060686281813374876
4.145306558575912,4.344414530477016,2.4524914414337466,1.1800339363856018,0.0026699427140286502
2.366746336911934,2.432063716471406,1.5761275722430614,0.17145478595169195,0.14029620578388347
2.5701173852666415,2.5310195941067555,1.4038964022892664,0.5324238846785043,0.08466205012452299
3.9684508491581507,3.9123253789528416,2.2734201295716066,0.8858018690425808,0.06854032825325973
3.18677802087986,3.147480757584992,1.2063654586389418,1.0805508040590794,0.20084545894715866
5.122967456522945,5.362276649926237,2.6649275048523933,2.5322687793692467,0.032448496267653226
3.3557453943008824,3.429222453332182,2.2671658877737073,1.2427029437618806,0.06107586011121491
6.237126953654654,6.486081318328216,3.230747130803241,3.163778020814746,0.0683518239287988
4.058436128965949,3.9928478191971237,2.068186102068239,0.34915405137494204,0.14732085750133095
2.4545796520898513,2.4459201743191024,1.6230295401310144,0.511620003552153,0.16348686161288128
3.148018504270132,3.091621278255772,1.3792365156746733,0.40110376523949043,0.1243732405886373
2.905178282901339,2.8564229741817364,1.6273797040880496,0.8306871589241354,0.0062651436727705345
5.285351391860788,5.523517986275456,3.2412589621121697,1.481139333202254,0.02003280059243906
1.3235872080373614,1.3101324640177303,0.6915315442038832,0.23208370347880702,0.20691940221670002
1.4544501176120743,1.4265257707019394,0.9931742506274599,0.16049769059631558,0.10398743852407577
2.1822394122082294,2.1950023074881635,1.1271668462325515,0.021848632626756626,0.11992427414254969
4.990659225643945,5.408954543244063,2.586337848547137,1.6791831323752433,0.06084963548418543
2.32219785875378,2.3499279778703457,1.0659801542070326,0.53254376712954965,0.1870718086720089
3.109391740654498,3.20675910901841,1.6186611158473116,0.21928932255620381,0.10170750959692398
2.3796954278285707,2.4457169879655503,1.4657659654763133,0.33664295922384824,0.07763987804883676
6.544906388381273,6.878173808771685,3.633802066318566,0.04469089563119155,7.324912279997875e-4
2.3977988029611996,2.4621101701758157,1.7859668919779637,0.7413244650226432,0.25951653122153395
2.7161438071018935,2.799910217896059,1.5902379700213451,0.8251681382662923,0.00474063158880611
3.4080737763229543,3.499102610739609,1.4835855886929004,0.3941476157251955,0.14094087667640487
3.4495183449219304,3.5502576832484696,2.0324159484938242,1.1696841099130282,0.05868719270693035
2.21563070666903,2.1706223573985497,1.3851711802522217,0.6493727258732456,0.19714290491151587
2.402849093241276,2.406172126453267,1.152820456504232,0.538381795557088,0.15127141449922377
3.1153253836575256,3.13432569700133,2.0856427024867976,0.3128844028721751,0.008659934940784098
3.332078133617335,3.286163817778281,1.9328989322828285,1.2579397532671095,0.03983794821728459
2.465956288447222,2.5980495344663215,0.9619909420920258,0.4524577183948608,0.01703985571839972
3.631151975545402,3.7247506873015634,2.8383268567502498,1.419772919107313,0.07326528000327315
4.39371818941385,4.351759294170593,2.7591433265839864,1.0175788120024336,0.07142499384596235
5.112779676233,5.241090954128204,2.857221821208073,0.69922476831263225,0.07668226424433477
1.9626405293765004,1.9532451050397537,1.2229129493498831,0.9148551715930147,0.10728665843179108
4.4143295514797956,4.296535765317758,2.3869397643541532,0.9340682061918386,0.01433031578971189
2.8383571744095644,2.8581529455188672,0.6018281071929437,0.30415880612081025,0.11777836348318083
2.5567593936924844,2.538127367199353,1.265841064172383,0.681134226499287,0.13853585620371334
1.9259698670506946,1.9143252284877317,1.003857360167192,0.5803243252838293,0.09051184371562826
1.602425040916943,1.620664126443522,0.8892796005668799,0.7091584631309438,0.10101664276672828
2.446595998028906,2.4242676440755595,1.686242338818408,0.25097614704995763,0.07022950920286242
0.32469787910967085,0.3200585892331702,0.28050866854450973,0.11753011210847042,0.3237418588254837
2.247084706109341,2.3186490379681395,1.4410604266841691,0.3793919680296174,0.03179851658904731
2.6459875434048072,2.636880856149226,1.868049350996051,0.32243090547688524,0.034702094628865865
2.142063824459413,2.132322704229008,1.2791414982010103,0.8813316890058367,0.02484187520961001
2.507997047501604,2.626808843809334,1.28803978794401,0.26062379458088714,0.17435784756402484
3.5082914758417107,3.474105050861338,1.7487607644325802,0.32864487311884716,0.010400393996400581
2.235563746848099,2.2520171399879363,1.7135427169540698,0.1777431998422756,0.10374075311651687
2.8893718915869684,2.880436935677036,1.306088653980236,0.7827946538987298,1.7072065729273334e-4
2.816725726576145,2.9154948670319047,1.6777500566426422,0.20736123953988717,0.06463689006402973
3.0462017413021627,3.0585091462321934,2.1242910144441645,0.23414101975094326,0.027921791327136347
2.9354214314757243,2.993383995522354,2.141121508421204,0.03138728741472718,0.2691994176278243
3.5458964677405582,3.6649814728265184,1.6753597859258136,1.1204251147818702,0.07859621899673108
1.8863012867909408,1.9785648920554184,1.3936818801856354,0.6692993354688994,0.1461743216906246
0.8622848448003992,0.8372047672133807,0.5730079840138469,0.471909381987869,0.11003840407165022
2.176402836213038,2.2128829514764163,1.3313825041800378,1.1676488161434957,0.008734532279826013
1.8618835551126054,1.8388859032536473,0.9924148275653621,1.1685738756820712,0.11889781530318899
2.9492752519757683,2.9807399241890824,1.5389930953837485,0.5701532752425997,0.10654932741449308
2.38656958914658,2.39552362300026,1.102393976675648,0.4801131773017069,0.13524535964218742
3.335186695909007,3.5069510061056803,2.544450572271561,0.9067172801048056,0.09227117435769827
3.325050461807537,3.3642798377993444,1.1192807212804627,0.44166576985963424,0.21959712020246158
2.7349586939714783,2.696425059997832,2.1241908984521256,0.7449732493832801,0.02684760531480812
1.7130723531140415,1.7036708245723524,1.0250228650885287,0.6108927222011289,0.04062342486654558
3.256355860761195,3.4404109777985923,2.2421230978505875,0.6181750193770661,0.05925139197121787
2.1916082146258553,2.1932620099222078,1.1689273894008778,0.18235975120953718,0.16924502293810662
2.545748595511915,2.54154506543766,0.9677778352203106,0.6223941318801884,0.05994618798502316
2.120688871023935,2.238607069705491,1.2028689393312177,0.38243197456543676,0.19896390609092762
2.5086890751194115,2.5853016907581967,1.8721179655055362,1.5041241346750311,0.04504343282928325
3.773420989812113,3.761833669591386,2.323556568813226,1.7920719901606326,0.019549473185499266
2.108616693299693,2.140969961535708,0.826279993252026,0.6148496882536811,0.05738376525521538
3.3143282910401837,3.3658564396662793,1.6388539781346232,0.600103700611891,0.2448648145096879
3.340003561856209,3.370674451572997,1.7750967919585108,0.9371584838095188,0.21837516165122217
4.452105213476232,4.31308840913313,1.9706289077632881,1.0859390074404338,0.10309102968016681
3.7113101032166753,3.747604995734429,2.1473111519214534,1.069874919197595,0.060726684421664956
2.316986325628436,2.3822440663903954,1.8785475006586303,0.6310307208075425,0.07836399154141027
5.392207832672863,5.502248260467873,3.457832885181423,0.7121890449973662,0.05138195566796355
3.7284499734111254,3.761420437231749,2.7330268783758775,1.3629843495383476,0.15470143686409088
2.920355557363969,2.8642260137411952,1.036033273411034,0.50371211707294,0.04588892042126247
3.3994004001855718,3.436138132073985,2.3988835101990755,1.1353523695839751,0.0434521180108014
3.286869937364356,3.34242157673928,1.7736505253877723,0.6243927068548452,0.02776710249827019
1.978672688363348,2.0679628184505177,1.5133083998939654,1.2434840975033836,0.088739411052833
3.6467072379923557,3.812390832323752,2.5991838555073095,1.054257186678985,0.05313767158037663
3.9753749970106558,3.939055305682242,3.0032913583289957,0.5949339613998177,0.1807459914624303
5.329527896339073,5.4449916695131115,1.9865966499743628,2.2318702797808996,0.048679166060955126
2.9940257983817755,3.0227694376894387,2.126197267854902,0.7529908975612329,0.14977927677626468
3.964410952842055,3.9821407522556687,2.8485504664748404,1.1558352459787447,0.12386542163381975
1.5936214746000967,1.729448950918938,0.39043749676446815,0.1334078896728883,0.03186992898567986
3.905280759350104,3.854029795220498,2.2596069271687558,0.45024866133060115,0.04472452565217999
2.458576508873497,2.4605450471541044,1.0995200184705887,0.8563807956536991,0.05228542001526648
3.985560839246551,4.003688903655322,2.5376660527059585,1.5489316964716515,0.10795212826052314
2.1989151790269155,2.2183304994355044,1.1244975680627043,0.8324123137476818,0.11965202162360633
1.2661230823866116,1.2216471799622433,0.6043344654840617,0.6251265983053003,0.01507626364537984
2.6152989459879787,2.6644049747097043,1.7652150659312689,0.5582150707955265,0.16318406492687387
3.373418102685598,3.3122656061203877,1.4001173097054398,0.5451486046952709,0.10078543671927775
3.891569002883857,3.823418605901189,1.6821835157505056,0.9549167378074408,0.062283594604066295
1.194844398998729,1.2021574269625503,0.9701668341106817,0.4369484823825083,7.414258327713696e-4
1.9785525113863915,1.9703985157648845,1.0498425957203157,0.6709146708728433,0.03319546836725351
3.3986807634111162,3.385673669655498,2.1190600268870323,0.6321077668673247,0.08115846276803396
3.552383050561641,3.4371764831667946,1.8385607238339396,0.5043647007399947,0.008211707654817602
3.33817482324738,3.3412634097761043,1.9202008908248906,0.7095575463054793,0.2058649722240311
4.855082448557772,5.051880532473895,2.741360414454819,1.1487998699055932,0.1650720070479359
3.3410040363449394,3.433777702223434,2.2237574227089176,0.6672704629433568,0.007385187515769331
2.0105344716238456,2.055236233135254,1.8549592381749171,0.5661776012821242,0.2790739392286419
2.3845125715797586,2.4186844833145233,1.3734944682907386,0.41348089097126106,0.010091253209230544
3.502581303738271,3.524099117254691,1.723128912878689,1.4976849692532532,0.010497398137655267
3.86180699486793,3.961902909767094,2.0516001954833207,0.7459521517063408,0.12167108480628563
2.061923518997318,2.11140749560753,0.8853713027349883,1.0749522127943472,0.11503852825391903
3.782502740725178,3.9867637662573525,2.952027901625563,1.2184051621745358,0.1371145298643448
3.4863696828686006,3.352828482656749,2.1155187471389727,0.8935821894761027,0.21389401440524836
1.899152499999552,1.9431713524262957,0.5300987521970644,1.1189203220193047,0.02513166517859844
1.2770008272445779,1.332411786119394,0.8739367177379052,0.48002037815082943,0.11495946638171617
4.327267219352869,4.670296885521273,3.101039279658279,0.8125319154241986,0.11392336531828029
3.4959155882178248,3.358995524271519,1.88408011286708,0.4391939998550285,0.04383214555690351
3.799912529787788,3.806666596476239,1.7217223087927351,0.6525900548636976,0.11356774551635596
2.3796701585619715,2.3294866078997636,1.5329666529705523,0.9825819275313865,0.2653467735418218
5.210494762099971,5.444333161368052,3.5387907789866286,0.9746070396536695,0.0887169302262425
1.2930030188023434,1.3156789278404784,0.37745809396036023,0.7121343348911218,0.019347748041518287
2.8786643431485857,2.9130340172384095,1.5811716181994058,0.9494716934508034,0.030428520686506033
3.2620211294864934,3.2287962582916645,1.6421918195071257,0.5898015069574392,0.08538307706296067
4.102448577862576,4.06544414281341,2.335727052699818,0.5671305902225328,0.049832444493969064
4.485809550351711,4.638478688643552,2.279837968813773,1.410253005028764,0.09517702572898479
2.4570936200041835,2.4260542159722753,1.5888264389580762,0.447799180434032,0.09567829212424783
4.215571776383552,4.1561324766721395,2.383293726464842,0.7803322539021842,0.146563825102751
2.354564431412026,2.43835673110485,2.101559404540229,0.8478167149805635,0.06268157204396729
2.20591093784679,2.2070135335217067,1.2329510777104193,0.18667800223412812,0.08368868807814778
3.9329281274297525,3.7965135112099695,1.3098485058736955,1.0651332419406359,0.11834057905191386
2.5701342636877342,2.633246674289282,1.1333180100095603,0.6301107503309602,0.10519882369305122
2.5295685600548765,2.5551478784284853,1.8001024816663058,0.5398015909563298,0.05502749515709304
3.0308556034212,3.025669604226339,2.179390670539373,0.36651338958985136,0.16498876758804037
2.9052399457334843,3.007591953017636,1.6149076250748458,1.1063900479634405,0.15086791826634638
2.5676706596751213,2.561434084756062,1.5514200424091076,0.4710926799810906,0.028351634758028155
3.198399077529025,3.1268509907858544,1.7141060577669602,0.4689277116082309,0.10976318205529267
3.679364348953264,3.8018406526393242,2.1912328052777674,0.8314703915719832,0.19211541813354316
4.3796345061779185,4.297997649167675,1.4219694175090076,0.6991803028994781,0.1297064155747023
2.636781470804138,2.786939493591836,1.6886723940304105,0.7669801597572885,0.24835010968321214
3.934275149464799,4.154782036504482,1.530706249453356,1.162706953388966,0.10661644421040073
2.70747117597454,2.700100400950573,2.0023900027834287,1.1576381802779672,0.053198768954455744
1.143139009501617,1.1174706953247338,0.8359341678525603,0.6565809116112469,0.059624040733474715
5.20561977386769,5.449589584015619,3.0769217303301843,0.9172465469991167,0.06970679943839997
1.9275608295031343,1.9950085814385332,0.9107091512570591,0.42689650860520345,0.01020924805035861
4.661877294897003,4.681773392365839,2.9203191714001075,1.3339496134649238,0.09929603082785476
1.8703759455374467,1.8599676071434423,1.102856366027451,0.910163688104582,0.1770208843606973
3.17909904713221,3.2527560084590714,1.6889095191562582,0.08294272375088951,0.3363051089152709
2.865981634554707,2.9459362355088086,1.5956721646876737,0.4338513210485999,0.07302653794245195
3.3891227238080557,3.422300674374183,2.1445481879629646,0.5088164100627601,0.05134034277803501
2.03106314864978,1.9252565016684642,0.8421027721037415,0.3832497327685651,0.1344828427741156
4.1700368537147305,4.25520717574485,2.512884656782566,1.0523676002783269,0.1556446040574535
2.143514313930938,2.0276208389079553,1.248812340318496,0.2275739255540543,0.16489479424953402
5.653590252330259,5.78530521739731,4.433247427487322,1.9221832600508755,0.20903793637510582
2.2062862430567005,2.2092490126342934,1.8605081507970223,0.7684293243124891,0.08377079131212639
2.9828178109478767,3.0542944454595364,1.936294697072249,1.0857899090049976,0.19014201135882303
3.2347008085824296,3.304712177238569,1.9905113238253769,1.0186209850199042,0.042984217628145416
2.736687685870116,2.787410161673952,1.8724723596865154,0.4668378749695101,0.15169595175560602
2.9195796051715153,2.8904242018081927,1.6795695996012832,0.6237223821550337,0.19083131827894562
1.6919387835198432,1.7164686731913719,1.2870547339201472,0.6471411688998767,0.06984509218777646
2.2805342213386073,2.3914720790869524,0.8885228207381317,0.29794077041363565,0.046745702135021716
3.314570839015607,3.1602721731352847,2.405714161920349,0.3066042213279232,0.1808942717195503
1.1125968001740887,1.1075584304435395,0.6621867907722923,0.5338732476722221,0.2199600499104406
2.2136919498207526,2.2792034154483627,1.6582839044872966,0.5415724474317916,0.0900322361929966
1.5759350665291496,1.5608351859911416,0.6856192723160017,0.3192242439282076,0.04071172988007632
3.9514632327127437,3.9902776214222815,1.7099067239145551,0.41803681337768595,0.1315768865120397
2.3510106785654,2.4162601364252883,1.4429576691471393,0.6253193141188991,0.12660897144116134
2.262790159709539,2.235554038413568,1.7036389721623273,0.5165858190239092,0.06044655519397146
3.174340556453364,3.12418958457606,1.6444843867425973,0.5013179220018422,0.03342187444752298
2.908171001879129,3.0007821983705103,2.3709645399153203,1.4243487056589945,0.01690474925733021
2.196412935347645,2.2928292559640173,1.4157555577398053,0.9163195974945584,0.155982661325476
2.5622987069237126,2.5148307094922213,1.1736511149950424,0.36727576278400775,0.1150734432521201
2.637518768930102,2.635319333405315,1.7708961935930798,1.0621244569040353,0.015502681548555941
3.0002317896765387,3.0690885559094045,1.6572930077916848,1.076775151490951,0.10276227334198573
2.3317919316866256,2.3240446091181646,1.2916334771369051,0.9424975242263862,0.06207514345227061
2.8704581432008425,2.9999517486167058,1.9959440149575052,0.4828225186004431,0.050785120349265966
1.1623219561219713,1.172949303817667,0.08914943013954968,0.19834623800604234,0.07039795578156394
2.9771615791066477,3.000437995269321,1.74847655424127,2.08008234882225,0.038801188601926384
2.65593570461993,2.680990999795849,1.4497580486913861,0.46600380636582983,0.0630048874462652
4.729233419498767,4.586784270955096,2.670643125258742,2.092358206006214,0.3391662663882151
3.037295310196102,3.162050209219611,1.65860743225422,0.779230446745391,0.23123583349051025
1.9844646558504682,1.8764429817294843,0.8789835071820065,0.6844192590463027,0.06282802278852095
2.3892649683460103,2.3851172187426286,0.8084764185215931,0.9194667718875991,0.043023127229158575
2.5434725425316422,2.4470823870869403,1.4034109208226795,0.7402472187407625,0.019309904865083993
2.4636505661623165,2.503099767664253,1.5495465959194874,0.8660942951962198,0.5499706310668415
2.358009253157638,2.467309506922245,1.2546975527969266,0.24904029977117048,0.10902342014578181
3.3648968564272383,3.3319951432273065,1.6377076045589352,0.5874569044143918,0.05328785734513275
2.2068727926638694,2.145257073873937,0.8756310542699843,0.2784201659659242,0.05713992514554889
4.0684072894984045,4.268972917429492,2.968830083813879,0.6642622919934915,0.07922773056264454
4.149840663985492,4.179531591886571,2.2534644451769523,1.2250777972304352,0.11982911770969729
3.137202446468015,3.333475336230718,1.7653760411733792,0.4919083507490605,0.02609589471320284
2.767048893808914,2.8028796219104475,1.790950686638567,0.9646674880762376,0.11921223179477813
6.73064283486376,6.765628155675074,3.9991335056402093,2.91171868573522,0.35667496367345564
3.6627711584817035,3.6467144300122314,2.443614126820087,0.9732120850694503,0.002784287232371341
2.1862232103186106,2.214717924269692,1.4017317616113711,0.5257339995895016,0.015517713330922334
3.054890897265178,3.10076084251898,1.2632091072820941,0.23782953864990475,0.1554616426595956
2.8323913751943106,2.781927733579579,1.4707674276476972,0.15893083814018638,0.13700730140419104
3.4870562039340687,3.574652315516884,2.1614909471400754,1.0449313237023823,0.1160700071505758
2.9475052108155495,2.998101283759233,2.0091354251566713,1.2099428953521212,0.05609588816303912
2.7303551696944197,2.730618449524288,1.6259986108854179,0.5532921715674757,0.001179950634600857
2.5668729112799475,2.509978326644138,1.670320510115575,0.7243447081852636,9.626141524652354e-4
4.6389617717792415,4.657881386500755,3.497571427920942,0.5583369014908364,0.2091461523608853
2.9949780959829884,3.094329044140098,1.5254003429732617,0.7325061759137412,0.07801227341180095
2.5842193527301482,2.554065107298479,1.4281775329327946,0.8214379869438897,0.1277951070328598
1.222782822102502,1.273485050816129,0.8017892470578225,0.30107153220229677,0.12458671601251758
5.466570695221208,5.488828597993129,3.561477508058731,2.1353938687025504,0.29368881127002844
4.444765584956324,4.624201441435805,2.3895786693141225,1.8608363338955272,0.03711985900588388
3.4755854098791,3.471411502216739,1.3529140610903347,1.0895811895497012,0.02114414935005371
5.667460706711429,5.947883496894008,3.2940426796320104,1.6532152671509337,0.14704366978693528
4.20571580697046,4.226037418032648,2.3420135792503967,1.735396919731464,0.14491273410604677
2.336216607047394,2.257540427317096,1.8935540521948617,1.1524066922139014,0.15179190136396237
2.5712010604859206,2.6423182306626476,1.7323215696485583,0.7584054489841101,0.09282922948031036
4.239827043105633,4.452915419422034,2.635665234784703,0.5128484283449382,0.08686997225384552
1.7982206997282262,1.8056659964603963,0.9574009825934304,0.1539088393053767,0.21829141814909114
1.065185868815412,1.045283052382981,0.8396971022254611,0.12065247563177195,0.32813493814930084
3.419462919938539,3.706067435828535,1.8614085283739872,0.37116319891935845,0.11085731213771233
2.510692334158355,2.477199630168464,1.8086331141607914,1.255012058409683,0.22262750484345695
3.463184403313692,3.48638973889439,2.0989942997046978,1.2926366220928216,0.08759216309674223
3.0706791937880453,3.020551817664481,1.8409011316876178,0.924838094765807,0.008429437030446962
3.162647644472827,3.3165541896343154,1.506103842725329,0.43770576408795137,0.09032743523872888
2.809399959050058,2.7331676499555826,1.5856449631744844,0.6310311580855679,0.1442140146310109
2.7968222079412595,2.8170661412128624,1.9086961647702676,0.6652776703917951,0.05393175967040165
4.8303258448916715,4.708928356558571,2.68385355338137,0.5497331042844102,0.021358179730929905
1.8306355768565012,1.8240750584146248,1.153323456886472,0.30724918361523024,0.02009096216757733
2.5748854061017354,2.6465957301886167,1.5661811264808119,0.12677950399791982,0.09644472834555984
4.880734874640039,4.879903340477343,2.8013772267259025,0.7210492621684281,0.18136903502932
3.4698045853558614,3.6165490578032333,2.334463766380752,0.39770321914910056,0.040429881393766465
4.3035844903633524,4.309832176361633,2.3827485849028616,1.158469128851575,0.11948528947621284
2.1335795459768008,2.1148830674082504,1.2174129408217809,1.292680932811173,0.06919959998754877
1.9845823949268357,2.110145996982343,1.9204108866544232,0.6530556559009817,0.10878912022209342
1.7317855858791944,1.7689423564247253,0.9810722353716894,0.1536966642647819,0.11116514910673558
4.358675703079463,4.233216002513657,2.719734825348315,0.3921733729921222,0.15737637901506574
1.5347137082107025,1.5886817096418646,0.9140395770252496,0.6471999821852954,0.08693547828581316
0.96396250472133,0.9594784459396273,0.4306773541682709,0.2536288482067697,0.16653894282267778
5.044129793698387,5.044209051510991,2.3041231285457506,1.1299049238052987,0.18140359336978662
1.0901868167885258,1.0524961733898266,1.1289654346713398,0.5341701488904853,0.05200661864542866
2.516014790912486,2.5052808229643375,1.3845445090113806,1.7145747387735177,0.08113367989553133
2.485826743282759,2.571514858101347,1.3496804047573008,0.5911253527685147,0.16275226397006293
3.9301704250708998,4.039183744929099,1.9342212120755207,0.9218270550771663,0.3099698182100372
4.43000788840485,4.376012418177204,2.0002532957117687,0.7789962702275695,0.062285019466793656
3.4959393387475153,3.453026002168345,2.735761420012281,0.39353263150600526,0.05419326380485501
2.6611013675606543,2.58855470404961,1.7288514192350934,0.08596312231265912,0.005127603301334105
3.9924504804783716,4.050522946443477,3.0191769987669854,0.6058287761440511,0.15049186515058288
2.8452495220897234,3.098298461895256,1.6187625377527954,1.0875265900008255,0.14190100277930107
2.5626617709102035,2.597306522221462,1.475153860818077,0.417116320453502,0.18307652284419973
2.7745540958301973,2.7518866618130655,2.4144332668027797,0.5856785188010036,0.06637247875322849
5.113874396052124,5.527041064525465,3.9283935993685546,1.7423397618260665,0.10409905099394656
4.1332177347383645,4.1763097035515475,2.008079630409977,1.0243962788421435,0.010945027129423579
2.348183834888978,2.365275055928077,1.1996537857920018,1.2771028612801274,0.0843144058145775
4.124530015924078,4.172345969309655,2.3853616571100833,1.3281966488701684,0.13888631999638967
1.9791752066020152,1.9570489823502903,1.2902272460858768,0.6342367119944043,0.07617824105353677
2.7447107316388397,2.7908832287177052,1.0702758661806318,0.6272031512162624,0.21963623289202872
3.094490362620933,3.1631393785231072,1.652827789720698,1.0091624243294497,0.05783454218896544
3.0570388936212645,3.060766217280843,1.936585316224427,0.999925047029361,0.05044780736984933
2.3021073085858017,2.36548512572811,1.4551919639249586,0.946393494049671,0.02876786574158352
3.414837775582301,3.428889847466589,1.8919078196294397,0.43937717657413344,0.19862277164745024
1.6472739504082448,1.6847090161783935,0.9104802917054649,0.5422152101874538,0.18216326943450412
4.518838411346648,4.3664029488711424,2.7233460426958427,0.8394050580352577,0.0152620277249369
1.034277550937425,1.0483816578325822,0.9620673393992796,1.593466422825598,0.07345195590262144
2.810057061670639,2.861581651767249,0.8076983930456656,0.9667528084326129,0.11500919410325139
2.662792440621587,2.6527237163276247,1.3166665345745052,0.8403221360872131,0.17809319925938993
3.4882085185884026,3.5427475016158567,1.6726833981779716,0.7781071453217692,0.08319707069087201
2.2240330807183497,2.2194432960335,1.6714533756997323,0.36933836748459115,0.13255631765643372
3.2987159169636513,3.271167000724084,2.037064538338072,0.895985430553818,0.026007905540240017
1.6673320922969275,1.6479882513001485,0.6975972095141714,0.5233143748888907,0.16635333703269417
3.8809192924854106,3.8837021803765612,1.8197328841918683,0.4120753476714576,0.32324740953216313
3.034511655517319,3.0986129952151575,1.8693627717789916,1.7309341991286153,0.0448767488152626
1.4917518042648137,1.5362601784355334,1.5098499650760164,0.6547627744356586,0.15447134135470897
1.9945670882392097,1.9266083011658406,0.9931889880054587,0.5485153511053831,0.05110299654461237
3.669201258039095,3.5154620400171304,2.1633146491177513,0.25797782888515997,0.006825707113092605
2.8463074151479653,2.7224577826694496,0.34925445376428677,0.14986170590657721,0.02891671752219871
3.9001631841387123,3.8957166906417466,2.4745571386816003,1.4164367915862464,0.03117065448271461
4.1684369703668445,4.077664381518618,1.8402022152753545,1.1662116161672884,0.0833817523277034
3.1513905642451263,3.1343691929227386,2.104301318824911,0.5234086745548687,0.17658464401067597
3.656012510011182,3.6894233449482137,2.138140633698036,0.4190217908911684,0.16349670790396864
2.6897098378282003,2.6080003283731017,0.22438322716744352,0.4745958284597993,0.054383266307084455
2.5819686250712763,2.7186455059773227,1.676960296515304,0.6433170179168624,0.08186648099433391
2.6057546028510306,2.5720913969337467,1.623980896370572,0.7245955542103815,0.08441834362793443
1.0567734183715967,1.0552853740120334,0.450053209269095,0.06375047967343761,0.2442971558983711
3.222841737419447,3.164225582866793,2.1719519196949566,0.7699781416084353,0.01385674629358391
2.5778405274190597,2.7164120583542317,1.8480271676238225,1.7504516514155597,0.02068858055204359
3.5187014675030888,3.6049587381518773,2.2170130852840852,0.9250445213422047,0.17862119701838708
3.3399375119918417,3.2942049632340247,1.4570201143280102,1.2125121537060473,0.11174283885629954
2.001797858233939,2.035661850656437,1.30599399218233,0.7664322944062079,0.037738644883486216
3.1350423115462487,3.2568970830474075,1.999839959041335,1.8154686912218985,0.45244048085492494
3.7316403971810352,3.6486048134265143,2.1868321986742956,0.7461529888780554,0.09922820247748199
2.828117232487699,2.7834582795501586,1.8519268039348695,1.2138091203310193,0.21391661896177538
2.0622866856849615,2.1296933326245675,1.4037439865876227,0.27973753718776173,0.12474781374410782
1.6760818280277654,1.7337991566281268,0.8520974019429914,0.08982555515870061,0.17553496962075066
1.8100715959473135,1.8679797062388293,1.054332413626728,0.6667669843246813,0.04137794478904411
3.5114206070848386,3.5899327885679373,1.7450983694029283,1.3141295324502273,0.24746025802833138
2.717731843891423,2.707164478485124,1.8901421225701078,0.8267863208694433,0.029490251366601328
6.2827001369939595,6.507228749760046,2.774252972916596,1.9802744934470269,0.04926444440875244
2.8590657953648133,3.0091389619586195,1.5586345141018807,0.975974668128881,0.28017847873369206
3.5065892982360136,3.426598719328439,1.6553283738411722,0.6825869825807125,0.20531369878133532
2.5848316899447923,2.6294128277995075,1.7859321053722503,1.0018188958768341,0.012854824809808818
2.973513111464639,3.051313884308101,1.44330713295812,0.3172341813342463,0.3062693398766392
4.474834420569714,4.483773983407458,2.998942793364094,1.0780126194083017,0.09079428232811182
3.6201458451917503,3.714467881024813,2.091060727859073,0.4646498014935361,0.1093981736039975
1.228215757614322,1.2977946895856718,0.986711658797315,0.4848117570654793,0.08461379104019251
3.8045027012326518,3.7667468973421396,2.458089895749678,0.1986836344926104,0.04806235927014235
2.272657610545851,2.447871101738457,1.336733187804592,0.36705154990978883,0.02244094935209162
2.2785894518001992,2.459430801269665,1.7564501062584963,0.7470070280563768,0.18588376789221606
3.2375943127207236,3.219505619436239,1.5831179155634327,1.3869546615251274,0.12627225790279795
2.1478075548506013,2.064587712276504,1.3745803374461936,0.8926934065246233,0.060682299485991464
4.760542926711047,4.711030988063486,2.125031621273262,0.9845767969518668,0.0297094804681155
3.8525679605591776,3.9068741609419,2.9203668762427686,0.4684819206194142,0.13265424106632295
3.13667775558301,3.211230001204388,1.8500430156677918,0.9073200302594735,0.04848356557037903
1.5020875749891225,1.5528718870151952,0.7774814564349484,0.546413854934162,0.03284775419267305
5.3608545475119875,5.353420264975986,3.1619991605067046,1.4620939960835244,0.02546369933846293
4.67770807115461,4.610744028267062,2.9272747513545205,1.2771306858540186,0.02661134943975263
2.3603891945722477,2.433110971670976,1.1763562724735692,0.7495060552210866,0.2695448423952591
4.495790678518148,4.7428095415775715,3.509304927298544,1.0905420274908515,0.0199099411269259
4.369430671235959,4.410558984800176,2.4314049503580115,1.4525063271635332,0.04551552040990714
3.0199286473726517,3.0202421796775525,1.746552351393806,0.4244653635303557,0.200039744459092
2.253928462925355,2.241562011766714,1.208441417322188,0.37619762421667957,0.15580089683412268
3.3167128196734783,3.4426765131245816,1.9176375893258228,0.7971322606372162,0.09123376615271184
2.9262575920331333,3.0624649779529367,1.9263983946283894,0.3616362442646164,0.2477142306898159
4.434195051599151,4.459775423452546,2.3560073790361002,1.923048552574425,0.03743983075618651
2.3776648829832947,2.3900723554287477,1.152429713563233,0.6943783427525609,0.08927280776787327
2.7199992647566322,2.665003972219667,2.294638988842687,1.3081554053355617,0.05516910551549081
5.679303291559961,5.643774383548402,3.4357306944560193,0.6914032873045883,0.08193275261786681
1.959397449262438,1.9924618035204613,1.0330934630382078,0.9489829443544426,0.041286395047897884
3.6242172141538163,3.8147345612305372,2.2906167304598455,0.3562647820083349,0.07702414806634472
3.340716385080178,3.423895908494151,1.6462957209592872,0.0020783400458483925,0.2864359140332624
3.2402731619695544,3.3662689710076297,1.595496405697098,0.8681650735558932,0.03345409388086118
3.326746675360482,3.2468870468195803,1.9624423143193859,0.7282803617221099,0.07951000770892236
4.28247008975268,4.217024847716093,1.7065388479330075,0.9183447733057157,0.18867485528880756
2.572732293210011,2.4524845763441085,1.1302767873491284,0.6569340745192918,0.055797086844521004
3.4636533978634336,3.4624838023958624,1.4646898926186793,0.39995542848953036,0.05057218070829528
2.1741556465068363,2.1767795993645453,1.5289410086678288,0.755113163267179,0.06766895053494615
3.9468731728491946,3.957897289898197,2.6920780407672087,1.4315326249386047,0.20853942464567332
2.4337703406689517,2.455921283098066,1.6167702904114911,1.0419701339724767,0.18375365343351824
1.7823880435348283,1.8085248600946162,1.0671776620054843,0.5388036241456859,0.028389634577028033
3.101109228482061,3.27801379917668,1.5058130438539408,0.6702152307709213,0.09642797321949281
3.2458315046515214,3.1185766447699503,1.3247801781032322,1.1694282681107868,0.18645484968092596
3.029309954420725,3.22616057634224,2.527596717099268,1.2067829033164728,0.026866199061529983
3.142412929811293,3.190092718035473,2.0983939546134867,0.4862817942732711,0.07874682342227501
2.519131408892445,2.4654078226852594,1.7565651620333043,0.45245631801914854,0.1644346986601004
3.121473271798788,3.0385100094295137,2.2729577650188073,1.2449724864282423,0.07046498457438588
3.556193587172327,3.5942461899130347,2.774959964586806,0.611984064272157,0.22830588186605105
2.9741951314370514,3.0330047531077557,1.4236323914283204,1.0779572510457385,0.021012360985984913
3.558852005774421,3.5355302964223156,2.162736260344861,1.3786984778177835,0.2569739787233569
4.640885713258317,4.759051223439581,3.396182561846114,1.434611760791615,0.04542576287657951
3.4994624427003966,3.5768362536337275,2.04817149159547,2.1842482485804666,0.16534492532591116
2.242638756700435,2.33452422051675,1.210378911442623,0.39480802444525054,0.051671928560146796
3.351629085023971,3.2950505060337516,1.7367049786149487,0.98910906483815,0.037171025705607263
3.4682559055274247,3.4582737766643508,2.478133765504502,0.3581276778415905,3.9936616391322843e-4
2.268348094334252,2.207152627543106,1.2371082416201027,0.08004696928424337,0.0911358426907185
2.79658312696243,2.8295629646690372,1.9681237051405471,0.4124833553940377,0.13943562039062662
3.4636418148547587,3.594532958917844,2.3563614088145783,1.1140675201538386,0.02093230986498007
2.111123764841203,2.104098709502118,1.1703727000687127,0.07152654838277783,0.06613884156496752
3.057033899615579,3.133155679907947,1.8873827165982249,0.06258879777274018,0.015997013586993347
4.0216025389142285,4.077789213590439,2.8176109923375954,0.8592868055166605,0.01738007028337485
1.8350863376728697,1.9375011118578573,0.5447596723298282,0.5491127654998031,0.01082232095682123
2.2964103571014327,2.3250984558374466,1.5155826480364265,0.6944360196381716,0.07793258932174574
4.959173401750075,5.322436686340657,3.0165509838151756,1.0611422767221725,0.060956189140544126
3.238996505993315,3.2808313142662797,1.4462077961338178,0.866896535000862,0.015853381729671767
3.707367291766545,3.7863422546031273,1.731236290739492,0.8872909427052704,0.11893368937673543
2.639308774337456,2.7526563772126114,2.346082269528825,1.431939008640203,0.03403511272187387
4.103748039064156,4.276051202969267,2.8663057628576247,1.8628260970228183,0.07970870168122168
1.988843726464843,2.023753304980854,0.7698735343730227,0.6795014201279557,0.08043933003722259
3.387656135162157,3.4632290187579056,1.9786353038941904,1.1477329055348413,0.23147584035914015
3.430841892434584,3.5151220047869884,2.1811019715977658,1.4378744412005382,0.05083715674635947
1.1715551486485971,1.205830353833388,0.26574316429423206,0.13773330337941658,0.3669068400119926
2.005210608750234,1.9576598183135498,1.3297791887703774,0.9341188114203867,0.037324890077222506
1.8454461191045812,1.8563025590479327,1.180333967843266,0.6191860593355472,0.10803076880840834
3.4088698680102887,3.357737040222558,1.8979584042305966,1.292049748083464,0.35312077969959077
4.2072839733255165,4.2949813885974155,2.1051255428310878,1.261075039448155,0.020540508687991732
4.479362303810166,4.5744226872736675,2.7179103678339693,1.3216907860415539,0.19374828276082567
2.4798443347404966,2.574174001738532,1.6527582007750183,0.6306763141732787,0.026660013009692562
2.0172107475767813,2.042455921652106,0.7152980155843061,0.2872204366271731,0.014831636997861608
1.5365331137989653,1.5363836979081604,1.5291898630516094,0.4692565175436698,0.11975149014246966
1.9749633706610918,2.0113414532667147,1.1891125770679842,0.5634545200046546,0.07860646642368785
2.049623807594644,2.1139430196228624,1.3179782898954855,0.1879761680538472,0.085829265975093
2.5419299208516293,2.479425414237701,1.3552374396705886,0.2813991849977775,0.11222646040164719
1.865735701185466,1.8370803887589968,1.0206937886700018,0.8702241901728414,0.2590819428011919
1.9375465097074436,1.9965076568520814,1.4766597774062191,0.5638426615879979,0.10016673892340933
4.685067375404929,4.7496195616626995,2.484296758770739,1.5541936522209276,0.22288034512760646
4.17193044536919,4.1220217183331105,2.3371940784306346,1.2246481173028343,0.13175999068307576
3.582360174215129,3.595714635188253,2.687961980526959,1.0426259420880477,0.07435529076275671
3.3408763217268636,3.3788726319941453,1.6757131453244014,0.6018393429197406,0.17234880801198926
3.296853732045424,3.391003358002168,1.8821472989597865,1.1288316742099838,0.08835771358317146
1.9033704987369955,2.0050968977554273,1.264276752519649,0.20739927440270023,0.054920882605481225
3.690824459637817,3.649779791941798,1.9287909439227597,0.787548640860189,0.04067313067920786
2.9604156609983967,2.969246941676145,1.7863961918311553,0.7493322048783959,0.1335945148727209
3.1431594600705672,3.2402064911235637,1.456101384397071,0.3842401425477888,0.20129405542442314
3.0867630963889656,3.0857325008047916,1.7185770085547638,1.1505631279878017,0.22946840565156457
2.3691668157191774,2.3571216934982466,1.143228900099711,0.3275043576648251,0.026222136103205784
3.080800681034642,3.235475474736944,2.1273902611327795,0.5085425707386477,0.0461444418720216
2.017407647082017,2.0138258729173266,1.3010324781264746,0.1450072581428259,0.14161385909848612
3.544698113316951,3.6022496766757026,2.380735617108243,0.6154263021723629,0.17406654571828462
2.739310242009772,2.869340196316937,1.6339591980227794,0.5248652359419452,0.1582505245198469
0.37864810969152707,0.37608767602763216,0.05983734600088475,0.5740901602675912,0.08564022804887728
2.0444254518532574,2.1181390657342067,1.4155573985693213,0.5551845403192353,0.001917290123149229
4.5625650785730105,4.694579052981673,2.7975550734654213,1.4659070813537163,0.043454513312982
3.762627097059582,3.889168742970563,1.8403932983520228,0.8763076370234941,0.05619278674055295
5.865616491079868,5.945923102184304,3.4020488445900465,0.5919653905293778,0.12031574935633316
2.527771238389665,2.569397509006219,1.3516640013434031,0.859150394818764,0.06527111024699295
5.51477308579155,5.632282026159913,3.2359588204759344,1.0480135704192435,0.001552768853031239
3.605399506541623,3.4998650038223484,1.2369979004896159,0.5423737556716546,0.12931616986178618
3.531286931399853,3.76387962478319,2.207274514125654,1.8893689590032174,0.6514188390504891
1.9960287864919195,2.039024720167479,1.263650465272189,0.23609477107055454,0.07790080131730903
2.6162279555173296,2.596868714204396,1.6059135455240163,0.2588765999705842,0.10192666945755491
2.1625688186792473,2.1456312441386913,1.1202926941654638,0.27124252259716997,0.3017219322733453
2.5984667008815325,2.735771464908799,1.665670771092401,0.49285578177853395,0.24926036608109037
2.857649353203506,2.9204539742832694,1.5597730750700691,0.5261599902951843,0.018799986023847026
2.4882463245467505,2.480534887834825,1.5884477379335546,0.3489753105453772,0.1526911876267132
1.3808051712942078,1.348432160868768,0.7763808685736819,0.3353279858384326,0.17667996285916665
2.8962708132557964,2.763020560031503,1.9183509397090823,0.2192157983572649,0.007265071370317955
3.9387436040356185,3.936321847606509,2.4015826438482755,1.2364554209835248,0.06954145647834586
2.508320475177692,2.629894104721293,1.6238515332283185,0.34328306565540245,0.021251150359557158
2.405657063568027,2.4205495756987467,1.1192387089961535,0.9997450209660581,0.27600562759273295
2.963395816604658,2.9652712586865686,1.254211300495271,0.7059804627978714,0.11429502730315555
3.0221388686165493,2.924654804831219,1.9829219269800422,0.22928512422552316,0.06841845123271106
2.7101149830904596,2.69378456175102,1.2136896139860216,0.7708146640400155,0.12524043493178105
2.397403284651002,2.378761960910351,1.8050901410230598,0.41016409759462213,0.027463976130361445
3.048935000189598,3.205696905487999,1.7323079116816054,0.4739381992644063,0.046793426181659825
1.9575661718955573,2.064627565968097,1.6225290977429072,0.452279854537867,0.11838004579527528
3.7027259895277336,3.8823318722392663,2.6719701763757975,1.6718532632037508,0.16655309082896252
3.499071105438814,3.4508651379508795,2.3284808084928343,0.771960513515193,0.14938820670568909
3.8460843740200783,3.804369222824368,2.5092481700119986,0.6590175702755872,0.024553674561413885
2.227743384649596,2.1859588837362143,1.5968333507453139,0.4411188452342216,0.09654031606337021
3.800631159651994,3.9983973778348183,2.3360109634126616,1.1251925951146013,0.09607681930672207
2.3631027090460464,2.4815861995874187,1.9682701318449034,0.40950432401076675,0.0015125968795786093
2.0657077130036487,2.1267518502514093,1.5074815651180753,0.22972021246491714,0.08775169899581314
1.8365281042741834,1.8770017150821445,1.0517615013260233,0.04332564882247425,0.20463034606640207
2.0740563537876895,2.018373109557121,1.0848618444303995,0.7021993513387699,0.002060117471646805
1.4962184638817657,1.5257637864940126,0.8610324191164285,0.4297259544859102,0.10056569794102899
3.964614665472963,3.8872503803226675,1.7660398308381229,1.7065745662197465,0.007259774959184284
2.022469470051803,1.9870019044461813,1.2313546325924385,1.1115717714022573,0.19201838707068575
3.524392839407602,3.4812418820192033,2.2197638665664954,0.7980743626204365,0.18840697944460594
3.1704155415995086,3.246402230799754,1.5338719159542897,0.8101757223116728,0.07524620974711915
1.7380957097135106,1.7424691997104684,1.2989471023463963,0.9999842076704724,0.07317739100568232
3.969008647992343,4.005778123515437,1.998886808876545,1.3674145424300477,0.09331503166421307
1.8507658190975729,1.927464826687352,0.9400954926045308,0.3010244622824274,0.020352554673578993
4.003591017004636,4.081088140092339,2.0028088818924843,0.45018694758835665,0.022467614899628785
2.822675726659133,2.891611253548909,1.7385095570985278,0.8717271276814671,0.0543103579987001
3.010876982309915,2.980966506983364,1.5550977539882744,1.3926321636755699,0.08729597030481706
1.9340875416342254,2.0312105894804873,0.8492270899279202,0.5982021410154044,0.08146048116743287
4.793197063686165,4.773653072286169,3.268397668874915,1.9226489921489502,0.1625053781535719
2.3738124893959025,2.389139523228879,1.6000789624786531,0.38357528190587686,0.12161566346204467
2.3798827155134052,2.4020050749864517,1.3980815569654137,1.2356701238074574,0.0010470231858619172
2.2808047204871436,2.2417700176423097,1.4842749970426912,0.162064801409743,0.059286886337373446
2.334927851927448,2.3546568334591402,1.3374279168554644,0.45184331649758747,0.07857310906495307
4.815521427968935,4.781506777264948,3.455468683536701,1.8556736942278746,0.06254029020506557
2.86629585129117,2.8108210764452295,2.5350073339467976,1.1420584974232462,0.07274781679762121
4.090721618262348,4.260174027522584,2.8796348339731175,1.918866431029258,0.2014494022649167
2.3687976418704437,2.405089177443543,1.3206174121663459,0.17758096728692507,0.177140504737471
2.3446376043760715,2.400241427040134,1.2463829315230193,1.5007479835141737,0.016589350629248045
1.9202047131722644,1.9055112338179985,0.7967178518692108,0.4462262906139678,0.10989638853275885
2.661668264656731,2.714855126159513,1.2979022527902977,0.690673933795436,0.03151241827282725
1.694479187321317,1.7418517319346272,1.121590417759851,1.7705890044814332,0.08489164696093354
3.101274527415189,3.1251826099468616,1.5428885270541244,0.7696220269180571,0.013969766564303043
0.9455422277749523,0.8827249485800888,0.42488356972113905,0.05735331823509959,0.11677782947726456
3.227996889174209,3.3180534118787364,1.771021165111911,1.1810247847391437,0.04782724413376016
2.7984500462137945,2.8375425022003125,1.4667104974927554,1.2297726912766294,0.05858266577600624
2.245164990563458,2.2301572503691354,1.2362323680518212,0.8981587483408298,0.14448119348134902
1.4768116110688094,1.543280583061513,0.7916668907352431,0.4085172585880663,0.17750116738553068
2.0011494628938564,1.9435175839849421,1.587940483199013,0.612557175946769,0.11549783536212388
3.5220813726431093,3.5657202581976986,2.2995408318050075,1.717428081614031,0.04808670569609852
4.769867813377564,4.728082913515674,3.1757968207146643,1.007763768415714,0.03923997414411318
5.875868659842663,5.954348532884955,4.029670023208402,1.9586101812894992,0.08962762218279074
4.081564901663345,4.265117528436816,2.1058367482680023,0.9086672981383472,0.2057935181361632
2.9540761599130807,3.0690765704092993,2.4078802826954977,1.14110735754533,0.09207934711740151
3.105783015056261,3.099513955047243,1.968521835858425,1.133021364925943,0.06907809798124198
2.1697424682622444,2.1265957712087094,1.323830409909709,0.47323786520219,0.01841925608123951
1.5088328118787508,1.477229784562299,0.740831925836833,0.42798970577644724,0.18133023876262477
4.83884014273883,4.7708971933318285,2.964642654103219,1.2131276398585733,0.030733333348015535
3.556299794013132,3.752232443796732,1.482829294124084,0.7389395875742792,0.040950611358786304
1.7641256762850155,1.7725977568639344,0.9466014865363501,0.7638482050232049,0.1769664927116903
4.385738305396712,4.48558964835777,3.0375384230132045,0.5281373622609458,0.022059682930059665
3.116850929524354,3.0606229935786544,2.1987918709184076,1.6218732239366265,0.18188800476570144
3.7442237046742726,3.9840187133633993,2.163819496928639,0.44853773518879336,0.2461459053250561
2.1630440521113954,2.284404078389745,1.7567025758491877,1.144315540540319,0.04856915387017402
4.9574754809418025,5.009957721006215,3.473559068040448,1.5565020338730307,0.13002179908381528
2.803637679122998,2.8629269331096445,2.007689365057809,0.7425335199958845,0.13893150042854074
3.4039465228628156,3.408328013162061,2.398608725108568,0.8814798439569991,0.01708348657308001
2.89196831079472,3.080628075323041,1.637987215859166,0.46184216739957407,0.10604681832957397
1.7008468277352247,1.724711310771184,0.4761272186703174,0.4139884217549614,0.05054360937663205
5.64993502935984,5.951642690614838,3.322308710252697,1.0954675558800986,0.07652996680059232
1.6794141847142345,1.7494505868789947,1.0682809047705462,0.2419115275402035,0.008084118355393244
2.430322590190377,2.5853714133426458,1.6739757544538652,1.9623434365357149,0.15996760025248413
1.9015056972049003,1.9269231620193388,1.3079965137874492,0.6618024521412025,0.15200207497884044
2.3727841944512544,2.367483649578144,1.509806342030414,0.5024971177765014,0.2010832125512394
4.605181194632982,4.804978047289987,1.9731864541499426,1.2822222584449499,0.10007707584183123
3.462648271442056,3.5189286291118336,2.28584957663381,1.8283623904002582,0.033996456165750644
1.2942624378032441,1.2893488384090794,0.7528464181961194,0.9507768382416941,0.21250047483432155
4.913790761208379,4.980737295866112,2.558656603857454,0.9291756050868898,0.18362454145765206
2.4562352578280926,2.411103928410016,1.6497351715968396,0.37187056897980497,0.17630667957470614
3.941920525448058,3.966854501294746,1.653605074560856,0.9502451461785952,0.1891839539992457
3.662406573363164,3.7693916851386504,2.1145657579651136,0.5187980319706327,0.06559262605722438
3.1048843767592995,3.056881323694677,1.5202266466760115,0.5459998722236925,0.06769097890317965
4.141411858990779,3.9617263129660696,2.3122295533779855,0.7789182674530402,0.051135635917511024
4.438608615260151,4.376986843405598,2.6473022223008194,0.3338561964680089,0.07110769358500058
2.372359239627645,2.34320346878798,1.1839549079331082,0.2769477555477948,0.04653143912980262
2.178084128551326,2.101632632307398,1.2821940350298817,0.0025475540472790215,0.1462341300926191
3.2443030558766424,3.216056188171452,2.091215200914032,0.759888692628607,0.23624347431864479
3.998183675168491,4.043129955989908,1.803179016832539,0.9007151868320697,0.05654703110666581
2.369571277883038,2.3482592934008633,1.7982223771225065,1.2611838478018491,0.12160418196591216
3.4780442479504305,3.5048158287880415,1.9133273492470515,1.7757792107836288,0.036491688031969005
1.9160186517488285,1.8613486840882842,1.1226501426795075,0.6838085247494057,0.4299369578582297
2.621479577342777,2.5980449163951906,1.6933256782506056,0.35254498528694356,0.20885720543009967
3.8605414907713005,3.855535275580417,2.8239588861303755,0.4476312642282103,0.14995436393287953
3.6838858862696906,3.7073513706157986,1.0753631289050318,1.2155205489048235,0.016577880766115882
2.60853279760574,2.720777744334743,1.8642894677571658,0.847068856475163,0.0884826816688058
1.5795524062650053,1.575845951850333,0.7080262391704615,0.42854955665768024,0.061571537859297365
3.2772425689811957,3.298426150738212,1.9172184105718397,0.870461447708621,0.006247063254157581
2.629860157904142,2.6573688525877053,1.4863829526738233,0.5078668871299286,0.04021260245990099
1.875485970696424,1.86527510163382,1.0846239756972054,0.9672969722856664,0.0721361768670743
1.5033657651590104,1.4666004678114017,1.0132816764386803,0.25567385100192475,0.05154224966440424
4.5677855027139955,4.5712352851631675,2.2973911851998245,1.9886798994913342,0.10322953758484488
2.2972748581296702,2.3039059242026063,1.2925925305015173,0.36507250586680584,0.14779555374100717
2.009359860827539,1.9586940885334077,1.4022959055165742,1.1173531538765182,0.03625208670996827
2.606918669529909,2.732154260414843,2.0316044101664374,0.6097493369125431,0.13478601919232425
2.59378375111676,2.747304392852717,1.7342911903569806,0.7221161797978084,0.06691388170255586
2.9239406296102555,3.083540958727813,1.9189137971772823,0.20933259041787622,0.04324922383342944
1.4937412076662504,1.5241488918487889,0.6734662240693687,0.7811056762846036,0.014629520010075225
2.9055079421385024,2.930072118821627,1.757628583418633,1.3781739921774694,0.07530295173451762
6.601353207459974,6.505331404237145,4.197048394186254,1.9163033056306844,0.1579994310899231
3.297193129100906,3.4378694348271335,1.675414449274168,0.8327896748318828,0.17263531525608222
1.764656140859655,1.850224055958222,1.0658500496405114,0.6033959160306104,0.09414720288005718
4.447630483211697,4.434030722820298,2.2639610081789083,0.9444290915011031,0.12809927431502288
2.33097160153663,2.295839924101756,1.0875720326352312,1.3348532755063864,0.12595581584469784
3.393985833178032,3.5694032930003896,2.3695225541463962,0.9887451846016262,0.20995657278121094
3.306399444417032,3.3545967970418733,1.9828191538590882,0.821576090152444,0.03601120088140064
1.6958826682012393,1.713397020535071,0.8222279804367822,0.7270825718618426,0.13395577110586032
6.143324075494165,6.336920077153415,4.141381976927306,1.3863041958775852,0.054425239967951455
2.9138177979455335,2.917677212206833,1.4917933671137238,0.534859273037128,0.025431402805308423
4.654388162222222,4.660312682933016,3.0509022956930707,0.43240617290433647,0.1170887031227199
5.359012046428921,5.452260504125666,3.310265182298725,1.6569066196118882,0.10699921411506352
0.9756820547358291,1.0386516434857977,0.5033393954791574,0.010285726040553556,0.14796093437109548
2.6665957354916703,2.676627891477283,1.6170534538121863,0.467237167126882,0.05228238558515841
3.472614144825659,3.5145702263435386,2.2402058060971104,0.8651108612954435,0.13235169698238458
3.212341605889783,3.1354917950427232,1.5451497456252987,0.9589042515867838,0.15586823511953973
3.926902163551439,3.915772576634602,2.1778960241501437,0.33260234573213054,0.1356673235603214
3.125772357433341,3.1155975326128775,1.5185978526358213,0.5272131555575612,0.11982764816860936
2.9888554901146307,3.0390386905935607,1.2844787324388847,0.4154101303302973,0.029393748628777416
2.86661999062666,2.909251986929215,1.7640215368686647,0.8399006533423456,0.009874048094500765
3.6426189652226686,3.596940631420374,1.5837683737546886,0.7486831089710257,0.02295426660119837
2.185959932572768,2.1271248752121643,1.2759281614658917,0.5511723272596178,0.17791673793481877
2.8119530340603838,2.8428654280615806,2.21332859910604,0.6537363464504828,0.034955692062785815
2.3654965524356832,2.3239334494878534,1.544824787258836,0.5236914101673342,0.023073771852258673
4.614870117935441,4.783651633532969,2.2418136376805045,0.9197306583222513,0.09525061626333553
4.067815771378804,4.2214521651596755,3.292558907263782,0.8457641535003972,0.07937539241449798
3.887256983527566,3.9978362456308574,2.6965557411996457,2.0812660560284506,0.1472304137225091
3.4176189421495575,3.5067119587935203,2.276233744396105,0.401669381676907,1.1603839364227042e-4
1.4262192443484256,1.3834910864291476,0.5327469913850571,0.6691978464848596,0.08313388340049066
4.707864395891903,4.574072576911242,2.6364395527471736,0.6532947787360541,0.049650304978390736
2.304551170189667,2.260658698605246,2.115211494078041,0.03496436642992862,0.16488856268048657
2.6282317135135447,2.720136627228701,0.9772565292992113,0.4520610005858483,0.06401572622996277
2.9654282254606183,3.01371533435562,1.3092958762036275,0.7146032107253824,0.11978556957342512
2.08765729782254,2.165027057022918,1.1183552454651355,2.3120981892445673,0.21726116015835473
1.810319697244724,1.801230940619421,1.3300992550448605,0.5161338782187705,0.06922285732067301
3.9686484786218035,4.007082606281619,2.4390315249985726,0.8772017114399162,0.09717736511821684
4.184094424232692,4.181507929747781,3.809406212030229,1.0746510211141818,0.10886353061927956
3.48154468197756,3.444214259094995,2.1220382385202576,1.5739730854591087,0.041496229500436854
3.4826124074275953,3.5999578911260084,2.3353731985903448,1.747308376542243,0.02059451330660167
2.7797845616180936,2.807328486564126,1.3981131977714618,0.6478050163098565,0.2055642801079287
4.478621506602135,4.437009410251454,2.210649803706465,0.4497489129090724,0.038194113377446826
2.7597718200169634,2.733381724931146,1.2412695795852589,0.689875088306021,0.06040122146748317
2.1433612149140586,2.278106210949094,1.199981992015136,0.37530428875777844,0.13444125818244324
4.098969615771635,4.056437663799869,2.613176461731827,1.2094967045032945,0.1976262777267621
3.3053003143216717,3.3061068996917307,2.255410670861421,0.6045028184421604,0.04900617988904088
2.2594763952445476,2.2861967390673907,1.1514569652536792,0.9051399456521629,0.09812342432920218
3.399784815144752,3.388982597651582,2.208266083308148,0.8290982912579246,0.05934963107751834
3.0313233031026776,3.065495883278194,1.5451576884379783,0.7282634854325707,0.08017136673224634
3.3139035712478666,3.3297025799305775,1.6459764914349329,1.2956554028074834,0.11187547655979024
2.255894954371719,2.297103421833274,0.9572062787668081,0.19257185097071172,0.14081356606765816
3.0365377561441687,3.082187139619961,1.8276173717173716,0.3949974362253741,0.05742157241857271
4.556147268289459,4.736267439391133,2.7826281336327483,1.2928763163943984,0.2537402235388324
2.6567567527034814,2.7334318372533772,1.6521033671525203,0.6433670503671429,0.21426286752834578
2.412765681679458,2.4862217599697924,1.2486853732486054,0.22245748412395372,0.0019072257072370036
3.165016680275018,3.0923700487903716,1.9344053249491537,1.015259638353065,0.008975254447580738
2.6646516064970136,2.6655961006150157,1.5763069464558566,0.6532124297878052,0.1815141791929804
2.5062305483990617,2.5400442602291307,1.2660274900493214,0.7647084821088797,0.07702984230818188
3.127361668871444,3.2397283160543413,1.4327639141823667,0.4631072102438587,0.16964830595730795
4.039207593581201,4.139071819895912,2.4272108344347334,0.9491502103735527,0.05447252891282872
4.957971693145268,4.92631275360589,3.7647388249782896,1.1684445222609803,0.01574083654558578
1.5886931634204249,1.609441475539791,1.0974725846340583,0.7249373880755812,0.23432483521500203
1.3626776180183136,1.4252955790433965,0.897234855825868,0.42655496366809587,0.06978620240024824
2.6946183189117257,2.8373556831039934,1.3495878186615542,0.8894997264357407,0.24275523175523794
3.4824076280043776,3.5413174111737558,2.069219625116176,1.7034534905714818,0.09960201408974712
3.0598495229612084,3.1922897160819925,1.5781541820796132,1.0379377412242512,0.030562072294740616
3.325160596381208,3.388085102215225,2.2791696924903935,1.0162817474304084,0.08960733851819569
4.096786273699438,4.067936596765632,2.3607236296576577,1.5412535886515002,0.025797674853439645
4.049193592058632,4.163573161533408,2.0854462583119577,0.7344309210996549,0.1010793202088216
4.402947990642462,4.387712029446485,2.899259514729698,0.6780770778573348,0.12300787754790399
3.321598902435607,3.4880051806532,1.8892229305043475,0.595175573224207,0.148705796990928
3.1754535890632187,3.1584456934845146,2.352550732643909,1.425502160644541,0.12441582041299348
3.0609050229781634,2.9691847171073036,2.2322210305364614,0.5262089521766207,0.1110095050017268
2.4516489779652932,2.428576671502274,0.7745329727094301,0.5269281551608742,0.02925954434754452
2.95208865396042,2.91949378929729,1.5036051628518479,0.9994223016855841,0.06766898650263009
3.9909862749199583,3.9934884534390527,1.7789503904739519,0.6348015298376026,0.0923805199181782
5.221984722162171,5.595656484573613,3.1450295322128916,2.561279419127633,0.13723610419265242
4.496545824107798,4.6309914398076835,2.3691666776319025,1.0773046351968247,0.13408586180380055
2.3226258790255283,2.3005428985836005,1.2335000629845325,0.5769008871675716,0.06137012105955364
2.3425846026713923,2.404217475720987,1.0609481094907398,0.4211704516630004,0.020886032038712088
3.7103011871505807,3.785085760386881,2.0400413794498213,0.3493750072063193,0.368538479190617
2.7478175352585428,2.760243357931037,1.5639484484229875,1.3855943596133393,0.022444295314128837
2.169306082729465,2.1246652995926336,1.2514188958526749,0.08121050090715087,0.044163703840977675
3.697781184782629,3.7349648642727704,2.4187448162303617,2.135387643739694,0.011796569281582236
2.2846260741642173,2.3952795368423594,1.3637498072829892,1.9150682109218167,0.16631040480474368
3.5742784416316677,3.529094332707034,1.5478876274268671,0.4595865643351793,0.11697344354354833
4.547518439960008,4.780502437188645,3.5363408312942486,1.2941520973015415,0.20909871863443286
2.368548419846171,2.4507725987975366,1.1838683095852574,0.7715876743170433,0.27159949442035547
4.055530083966984,3.9295548840601917,1.665350164034276,1.1056713274860286,0.0736563935952077
2.797474989529201,2.9517185408438884,1.5012905860386159,0.5035616451702492,0.25521122069123514
3.873903041553829,3.831047439113741,3.0668560038306953,1.0979777562041448,0.20396631557089506
1.497076263126905,1.5027622854053604,0.912692849927943,0.8328674253193391,0.048960740632400856
3.0579176670274677,3.2530111675990465,1.8067875070213635,0.7874222694650133,0.12610529995872888
1.8668624163594458,1.8571880633646902,1.244169239394374,0.4389153606741445,0.15604806171793584
3.176146964174041,3.387276426224874,1.9748195970173743,0.5679041880073523,0.156930875651895
4.130545638339065,4.123556857306209,2.6649810918001933,0.5181537688627884,0.045492834473403576
4.143778383595313,4.170944119881991,2.695953043681481,2.0229349276419164,0.2059365396891124
4.130181031236793,4.139806829000658,2.1597954275770377,0.8736817634527227,0.1372760967900266
4.6597604097466725,4.860597614881497,3.4281265873258846,1.4252822223925854,0.09181973655104336
3.6243630004174836,3.726368875173762,2.4908622372139497,1.2945916919260654,0.30533171200748477
4.031049827864527,3.9587921939601305,2.6634301841390755,1.3861063278608938,0.09813266615410576
3.206302688616896,3.331891371363078,0.9819648057637202,0.9421471818657778,0.1680053207670369
4.853700189050203,5.067653269229435,2.1989041389574417,0.16488809609403532,0.21460740316418736
4.3925339579421045,4.52601543112829,2.788360598995462,2.5704277945898895,0.08265633073486356
3.497435740389795,3.5487510974907686,1.9966271632288404,1.2868570813331104,0.3602462822734296
3.0685469125301896,3.1091191705585164,2.1559236989400823,1.2734132359724981,0.028494335714906782
4.009796739176883,4.159635030169776,2.0038903065670013,0.5989217410905052,0.0042947087501943315
1.1171262670378255,1.1376100338558235,0.6345468356636008,0.43315440351484646,0.07164739345953564
3.0160301838205434,3.1621425040558897,1.8851055098808711,0.5292986365089618,0.021787995913415514
2.489562039963614,2.527110150210957,1.2441615930431702,0.7778720472029619,0.15702785685776632
3.5151969634707996,3.6584239744057765,2.1030094018154326,0.8291095180625891,0.011024194616108929
3.130277592124809,2.9536765616765415,0.8840137646989614,0.39756160649387695,0.0682195456742356
5.15661463776047,5.190174999177149,3.2801975348200205,1.8005623254459522,0.16061344285584056
3.5005299086704156,3.598285686620809,2.1385537326858604,0.4427707511213157,0.25673029479545484
3.1409489220079934,3.1392079507160595,1.901192237430756,0.6715145952641954,0.07381374760582027
1.9904330614816388,2.035798714181187,1.164798991942325,0.43902840088528094,0.062209422014325
2.455436314550095,2.404624275591649,1.0844594672135344,0.4430126081388419,0.012781873250444775
2.8849135762626545,2.8705595273098083,1.8901806808118558,0.6575946133084667,0.2129959902696026
2.5044574311078005,2.4047029541477407,1.61645948204659,0.28402269453027884,0.20750559863649798
2.5305238033399977,2.5640769310253937,1.3277757082942152,0.26929237923499727,0.04927563488807252
1.5652186280452476,1.6189843727603908,0.7832699984436324,0.8223824037057206,0.03914216019210315
3.9039864903675365,3.8487661115856113,2.1732048055684636,1.4062423244267812,0.2921781316003411
2.3683375222741407,2.2924569655760845,1.1158649276343073,0.1905085455708253,0.08784577004976768
4.622217760253495,4.820946905415028,2.84966356793686,0.8392065267943742,0.040900076803675134
3.7504974811990017,3.97431741366999,2.5174153356698348,0.9134305568463397,0.13951924076628153
3.335935505270472,3.3996387865838376,2.1934025484074855,0.9613910635949807,0.08310431018876052
3.417754774940226,3.476470300306719,2.39828314417856,1.1791459067053722,0.010864985004298333
1.8009461398553785,1.7611459852113356,0.6941053486704494,0.6042111653651094,0.0154154524538761
3.908978328475925,3.978846145790511,2.2978910923370233,1.3734351904419917,0.30731415751624525
3.785882397285574,3.819112497713899,1.6327724171650075,0.782915456508956,0.19420016112208138
4.229276756820887,4.299193679945102,2.4971104079106716,0.5379039326064685,0.12745003266356747
2.326743192057373,2.336858415184672,1.3843790505130364,0.8530560931914017,0.04126693619560129
1.10953393519633,1.12859925065972,0.7470267351647824,0.3130978174303394,0.11503280659030679
3.543626566196485,3.6000242204027817,2.615838732957794,0.6697805898906086,0.08919028077672486
4.074917121855188,4.046802481816437,2.880896674343612,0.902652996090886,0.13641079156262492
3.5480807297939148,3.51578082439614,1.7026180951235226,0.006830424315751316,0.2525367594934451
4.721649475099548,4.7516255965922145,2.335930073483219,0.28121065606246276,0.027549714407566483
3.0775947243711617,3.074736307185198,2.388614495636446,1.2130636435263042,0.3620322444325552
2.8970228705108507,2.911954698746216,2.053438386358623,0.8382636086118005,0.11595519345017635
3.5469903928064923,3.517766284273419,1.8104396845750799,1.2444116216740966,0.0967422523518664
4.045572866646619,4.0718574512189285,2.7311679208094084,1.7584745810484712,0.11754468141502272
2.7947787938454045,2.794770485702788,1.425048675395054,0.29131157897336024,0.1544250156730964
2.2067947730183786,2.251629042879612,1.0345193210268402,0.3690384311811261,0.16816316277169463
2.866198803988084,2.915255826552011,1.7637090118986265,0.7695473211769617,0.020036549433964268
3.587335204676357,3.573151358967973,2.072209692747318,1.028705915909157,0.034954409748042536
2.555936102355563,2.528375181016779,1.5579772834139867,0.2845496373106542,0.0498341509471274
4.206801664634163,4.236065513886748,2.665340472043848,1.6984191961515016,0.03004310137438182
4.697053180848018,4.926999929151899,3.2694692329317245,1.245803845740518,0.22010101375355973
3.6985449398802466,3.784314683930001,2.6888946658945407,0.4682605618781288,0.058717426772419756
4.196308994244374,4.244437008387063,2.4447193568517314,0.6743049430520003,0.01968032402798059
1.4837823007601258,1.5443322103097383,0.7015674539573631,0.24501873363501403,0.012339171161478646
3.2994466338974,3.2612044105943276,1.6144337339148418,0.698356588844689,0.16506964622148956
3.2383183696980993,3.3767909422037246,2.751772708718571,0.38260733824255055,0.20211905496575255
1.7629961635078573,1.8389023506047106,1.1659183505965025,0.033716412125418316,0.22007378847248837
3.2649809349139787,3.5618934717566013,1.75725673298248,1.2969528700632935,0.10304831438022077
4.03053662665809,4.151933287113616,2.6174624634964836,0.6954414253644821,0.1013895015659525
1.9957538005772069,1.9527743284176395,1.5416051140370932,0.20615260532971824,0.04278981321982478
4.079952743713356,4.3048738349689195,2.3744235482184433,0.2158305079474232,0.17453282832787664
2.283050868985532,2.345040249923512,1.003579701629505,1.150236072693673,0.10817681761916909
3.893382510514723,3.922663740544362,2.3313041837677844,0.8583560112068795,0.06657177725091579
5.914063722550024,6.073875395375218,3.0467229184752362,0.7192967507395949,0.1379921254730494
4.251745594478688,4.428886833961194,2.3215069207879644,1.7934412358482597,0.27117335903068174
2.9434277693079345,3.001580968924735,1.8247456052436366,0.9163560113323399,0.007203333018420466
2.4497624354270595,2.3350865079797156,1.0882886252914403,0.5401721213897162,0.016453479282093397
2.0958769750036303,2.092791985781682,0.8805170755092178,0.4518191176841153,0.20858633764144408
2.9381682213619804,2.9469106024556933,1.5040598817805222,0.7754669678903454,0.12704727111528058
4.990061387577452,5.154897351427945,2.987240548691151,0.8347689098875328,0.06732706621599327
2.6641509224158817,2.658069050928818,1.129413869409575,0.520916818633653,0.18512536410992908
3.8597438911091615,3.83554276692462,2.7207444539192807,2.122935185773514,0.09319436959051863
4.045600645018931,4.209996121855571,1.8705920797599802,0.43413591380540595,0.1289369540727172
3.368469457690038,3.3399662083310293,1.5673749559585985,1.4375872146710549,0.08279407985234499
3.091126985577082,3.1837370419931865,1.3404510256281412,0.41862282524953187,0.06097001878629449
3.459258558257778,3.500563995619343,2.051039699470998,0.9820247550546242,0.10253356307828554
1.815043722442855,1.7595630162118514,0.8262168536609344,0.047668436683716564,0.224185427876618
1.255625277986688,1.2899953189769668,0.8795960910204066,0.15113558841147068,0.014318192560748955
2.8992403544432914,2.9446388123276375,1.652101214793051,0.7030952345588943,0.10989357276782208
3.54688397648966,3.5636092533727304,1.9286348152606045,0.7055466140291777,0.07755709858213322
4.764329043029745,4.7096548853898845,3.0285585616760695,0.4716010106178743,0.0940304634428113
2.2996241701379123,2.2512274125432246,1.605004326114404,0.4718605862375327,0.1623386972035714
2.801720130742197,2.814057993641729,1.1905260302446816,0.7748732943647454,0.07434274166758925
4.158122341041247,4.171910751388667,2.2601754581715205,0.6041183747838552,0.12738847020942146
2.6636116520365523,2.696963612821076,0.9381915337505653,0.6067713179209839,0.0592274389754639
3.7130366567311057,3.6038677435778794,1.5827320742514601,0.509501525615061,0.013331211578194058
4.817496636435081,4.977274593567815,1.9732049257566526,1.3918801136082202,0.06852101032936453
0.3498348822242541,0.3560204770514268,0.07182913366646915,0.7579545044612743,0.10161368965638395
2.2973487286551997,2.201426136858794,1.6069647604074984,0.15912186687947383,0.03367008759059331
3.38876562122317,3.2657049343348152,1.7624376392236805,0.7108587647095526,0.14605982187621258
1.342341196664563,1.3305193174231533,1.4388904306393098,0.4236580706125075,0.005060783408399772
4.164127544213793,4.214694091990372,3.0623681458389207,1.2843561953213687,0.03891363702332207
1.8605522804292196,1.8469835917907869,1.3997208150711131,0.6412634726075481,0.10089242197813242
2.435789025369729,2.369219542868107,0.814047072965387,0.3455071790075692,0.13209105046826686
2.5454536429885,2.6569466968884754,1.4827186931604324,0.7149977420189622,0.13885108358224585
5.508004195196609,5.663576658867598,3.8266947602766557,1.8402106047031381,0.11213251419998294
2.931755748936295,2.9448737431806116,1.8620177524129726,2.1182522891425126,0.23476959339339842
3.6373036981018583,3.6613467463356493,2.0047570423287038,0.6980555129166781,0.18047458328962662
2.972860595808667,2.9189722465385373,1.8172451039368074,0.06905633143945877,0.15161363936027605
1.778828863211082,1.7305485951693527,1.4461299175796132,0.6241327313894054,0.048565787354204915
3.9184091787332136,3.9905725331296242,2.8444776195999673,1.6930444848299189,0.13774663752698402
2.490344745478154,2.5581592625173695,1.9299180818159876,0.8313001757478595,0.13047140014836778
2.890512761424393,2.8261130130097616,1.6037316469931078,0.7881790882090947,0.1287255118731334
2.7172595038516594,2.732427332549518,1.1679005920548047,0.42976633146687604,0.22030230989642696
2.5490515948570476,2.551690031685606,1.1357124069861317,0.19700692346042104,0.05683957636766124
3.42711145522445,3.3991414106782223,2.0752274243244866,1.0685313879222882,0.05515378717490371
4.473303760736632,4.698318108538995,2.831091833248623,2.2598674225587505,0.05925894024161593
3.2848076445456247,3.2449805333942106,1.0715978261357186,1.3441918963093045,0.1824530451728279
2.9681495291005984,2.889867139602069,2.037860343437357,0.7767458279734658,0.08433093971271788
5.374679248495745,5.455158686200422,2.217261812255547,0.6955712277857735,0.08266820285087917
3.600059310268117,3.665900176493471,1.0522013569441437,0.18350791865888993,0.15708234631069473
2.852315170593055,2.970230626354377,1.8683486117844286,0.8738783330789168,0.0422149683336972
2.772348954882574,3.094946320450344,1.3576131800156297,0.7875706132101232,0.26606597643277574
1.971171879410134,1.9686594937998336,0.7459992008871197,0.7014747411013715,0.1178353423137164
4.988171731058896,5.031340851956275,2.506548159554665,1.6494312574819645,0.22179969269853395
2.6929250463066428,2.7281303010546942,1.3312453006649108,0.3810868349867462,0.14134958669199627
2.3657967433238483,2.382632444172227,1.8259514944095798,0.49453644419894616,0.08845877239924071
2.448519395811063,2.4419417835827453,1.5871732225400965,0.25521405665958063,0.16304470821862793
4.689791486910959,4.6307844204397846,2.468585437768507,0.361842398231321,0.15056633784422147
3.5210387631322604,3.4472204040172993,1.7011355505159802,1.1452918761350723,0.05593630223874513
3.619480171113848,3.74398362808636,2.8103952920633883,1.3208974390388377,0.004236628253153185
2.9932776467619604,2.927371035153911,1.7909124592398236,0.3202094479561488,0.20391540434231104
4.323538408066025,4.445335606553652,1.4853455522373054,0.7496192416984364,0.07802979738393034
